x,y,velocity,heading,curvature
84.07042386591499,0.4922971204200377,15.5,1.824055378294388,0.0008707447129794499
83.94197817097722,0.9885783157744081,15.5,1.8249534894406763,0.0009583369223901166
83.81400388089686,1.4812137083753207,15.5,1.8251180622197893,0.0003239456898959406
83.68680826143634,1.9705206992862279,15.5,1.8245308890043064,0.0011745708756968074
83.5606981263831,2.4568244617216113,15.5,1.8231613034710024,0.002731276233418409
83.43597666793461,2.940498514246264,15.5,1.8210053885008395,0.004333686505789665
83.31294919803034,3.421893267709948,15.5,1.8180440412478411,0.005982310980761685
83.1919171669443,3.9013947027549922,15.5,1.8142573533691395,0.007668809801982256
83.07317479044386,4.379446454141817,15.5,1.8096520104333003,0.009373033086478648
82.95702210218705,4.856451326790448,15.5,1.804216476882828,0.01108391620832228
82.84374624580505,5.3328929174632815,15.5,1.7979625614951258,0.012785952160957239
82.73364129247507,5.809215620831915,15.5,1.7908954253461693,0.014461818794309566
82.62698447794536,6.285950631159708,15.5,1.7830339740243737,0.016091289728367725
82.52405790697173,6.763606104263114,15.5,1.7744038433737088,0.01765354079641139
82.42512754634585,7.242760718291312,15.418788532441088,1.765032003248333,0.019126282685562778
82.3304700979928,7.723949596590338,15.162205207062831,1.7549707749814267,0.020486014218061236
82.2403306672645,8.207827442176812,14.900242732235245,1.7442519526644247,0.02171167391684958
82.15497311310455,8.6949824997913,14.632293350851857,1.732954542719702,0.02278803786227727
82.07462501191507,9.186123847535255,14.357621157373279,1.7211030933112859,0.023660926951370613
81.9995465243182,9.681858282884006,14.075478164006435,1.7088958118902584,0.024411163360666174
81.9298732052544,10.18316232967539,13.784814958203166,1.6960289863541507,0.02484986170009847
81.8660479108824,10.690148951139484,13.485003140360998,1.683510313215832,0.028474110658935826
81.80778324035256,11.204882952504605,13.174102323671779,1.6622967967453879,0.041097371620683915
81.7611215483636,11.713420196271224,12.860256441826593,1.6305099785575035,0.058838459317856064
81.73188955814422,12.202374342089321,12.551850894369023,1.5964832514288558,0.0711299449538041
81.71964764008338,12.678851212602632,12.244297250153416,1.5597588679091299,0.07771145587471898
81.72480107151216,13.145736046086213,11.935334212474208,1.5214067574912293,0.08263824477005437
81.7476146580921,13.607271425559793,11.787726173976191,1.4823141488752019,0.08472082494682397
81.78836154628712,14.066578559610289,11.82794520825668,1.4434036876804572,0.08414564530890783
81.84733257782686,14.526979371724078,11.983888557290134,1.4056071107178114,0.08094770407833501
81.92484581195512,14.99194254030107,12.140206937631513,1.3696614612344016,0.07533586509116526
82.02144922707353,15.465739975936605,12.298495368008489,1.3363902117332442,0.06824471703108789
82.13776473863346,15.952831793500922,12.46030839330376,1.3054782613366163,0.05543611817040226
82.27555481128735,16.459927357074047,12.62787181003405,1.285891636913326,0.03223111613942027
82.42789188111318,16.980076125549292,12.798403287243618,1.2847020231867223,0.006566703985708635
82.57944868721124,17.49528768826934,12.965162942129549,1.2921864357728132,0.013825374840373003
82.72321351450144,17.997874268743782,13.125448733828756,1.3088043257850537,0.024885823743106317
82.85272395832429,18.480841702359196,13.276959306741315,1.3190203061210244,0.025548574824115437
82.97461125384856,18.954678801028084,13.423552100990122,1.331938340905361,0.025321126005804433
83.08744680889126,19.4180565439197,13.564921494253243,1.3448785848042242,0.027972478698150362
83.19208042181663,19.87329923445849,13.701970487963965,1.358788894292097,0.029921384360645432
83.28848359875307,20.321182027284397,13.835068411510933,1.3733512350208412,0.032138181334738045
83.37685415080661,20.76292100947963,13.964707328181243,1.388644681114979,0.03423209372972507
83.45726005195712,21.199451018233297,14.091275230496867,1.4046622427520061,0.036338521145445495
83.5297208358146,21.631589325477663,14.21511195747573,1.4213712031480628,0.03834587555089716
83.5942286172559,22.060077899803172,14.336524850592161,1.4386960575489744,0.04019577592753557
83.6507785417515,22.485668251514852,14.455815168143262,1.4566088217142072,0.041893267761046286
83.69932431337753,22.908959708056873,14.573233039865013,1.4750550010459356,0.04343176232751657
83.73980620961142,23.330492720693886,14.68900610491336,1.4939661068001673,0.0447664694504545
83.7721615713936,23.75079183496623,14.80335237832195,1.5132733026219745,0.04587791257230111
83.79632194916478,24.170340774894502,14.916473906441828,1.5329047342551567,0.04675782184724263
83.81221557493578,24.589589938968064,15.028559356823951,1.5527851885196933,0.04739397456307917
83.81977006797493,25.008979097541943,15.13979041747145,1.5728403469281291,0.047796368379821694
83.81891180167618,25.42886982636152,15.250324151727852,1.5930026730103433,0.0479574885851657
83.80956502412259,25.84970633164618,15.360335577072634,1.6131871718057593,0.04787143921006794
83.7916587606301,26.271862022290417,15.469977093284736,1.6333300705765494,0.04755779163442423
83.7651157304691,26.69576791642487,15.5,1.6533607141398132,0.04699485530194283
83.72985271655983,27.12189412790205,15.5,1.67318372515498,0.0462010652627189
83.68580073713021,27.5506376794502,15.5,1.6927618379041032,0.04523406936262914
83.63286543799508,27.982502038367656,15.5,1.712047707733092,0.04406936212740809
83.57092673807493,28.41808162616017,15.5,1.7309396692214487,0.04269418038749895
83.4998810768148,28.857920561614428,15.5,1.7494030582748434,0.041204647112486156
83.41959535440388,29.302641687342202,15.5,1.7674541935440524,0.03957830529332851
83.32985907894798,29.75305058043107,15.5,1.784933684645849,0.03787918746573349
83.23052473636119,30.209819836637376,15.5,1.802038652809466,0.0360726901095258
83.12121974528753,30.674050251927582,15.295285566720947,1.8184038998325083,0.034131834013699486
83.00179954036993,31.14644953385419,15.038271218316556,1.8343191175908296,0.03598863975663915
82.8718300594503,31.62817984073985,14.770454300165264,1.8561774101167634,0.035543269847584394
82.72490364871018,32.12896953996433,14.485025012678431,1.8691246853641605,0.02416736565214308
82.56709644630352,32.64215435575696,14.185399087065555,1.8738988735695912,0.004828964279011505
82.40502149637456,33.160397921931164,13.87579226054156,1.8621409840634262,0.018915709365468644
82.25328562293022,33.66639031723441,13.567813015541146,1.8385412900496534,0.0412121820797979
82.12027823291876,34.151231480442874,13.268062431902678,1.811398410277475,0.05527157893825365
82.0047912808585,34.62192489116694,12.972548566592682,1.7808018047679195,0.06406262986209779
81.90628254611919,35.08408571653621,12.67778897049007,1.747289491733547,0.07151216632073995
81.82453497439629,35.54244338705293,12.380504303012591,1.7116351393457512,0.07680218620043806
81.75952174067083,36.0010016838779,12.170440837484271,1.6747639944204435,0.07947629889297725
81.7112699106558,36.46343245604945,12.177012994964567,1.6376435860352756,0.07939053240874284
81.67980979699219,36.93335806896864,12.330752840207127,1.6011729078896448,0.0767086804233975
81.6651822031734,37.41475175699657,12.486007872508337,1.5661177944647495,0.07187270428221317
81.6675097152684,37.91223578589317,12.644378528854421,1.532979746182212,0.058669629007641486
81.6871561504174,38.43150718809299,12.807710638391477,1.5133988667246765,0.038469834320182944
81.71731268188638,38.95632845328834,12.970849912515618,1.503033740496457,0.023947460676794433
81.75241745645562,39.47359069243831,13.129758724747948,1.4929203046410382,0.01968716322996411
81.79223710985453,39.9838777099949,13.28477589453572,1.4829963240754735,0.019475967445226353
81.83661030667854,40.48796785630904,13.436278711928018,1.4733628042800309,0.019110463210087563
81.88534282823855,40.986545881054184,13.58459486282475,1.4641144885513686,0.01857065805558964
81.9382070421829,41.48019609386252,13.730003616714672,1.4552471059717982,0.017899744206653828
81.99501291889229,41.96962245358224,13.872804148540869,1.4468632680588338,0.01707655396019997
82.0555230908765,42.45536899183859,14.013233122522015,1.4389925854350878,0.016120101155748204
82.11950731963799,42.93800538831269,14.151522041155161,1.4316767770826415,0.015060062114929315
82.18672873758878,43.41807583231428,14.287883234977057,1.4249471629199928,0.013899135290101111
82.2569501877141,43.896123318726914,14.422518052070126,1.4188433562066305,0.012650838573798614
82.32991591224858,44.37260806397958,14.5555947968744,1.4133824939317359,0.01133375775423727
82.40537772487805,44.84802681774977,14.68728372477919,1.4085887176762277,0.00996409272669625
82.48306727219082,45.32277013176202,14.817718038967003,1.4044728279413166,0.008557109888340143
82.56273328944648,45.797327519212175,14.947051576392422,1.4010414950030803,0.007127290498604164
82.64410436571421,46.27205895592822,15.075396774910283,1.398302014065711,0.0056848287058439
82.72691392799089,46.74735935273659,15.202870449498434,1.3962549038206298,0.00424367305599515
82.81089332419052,47.223606510077325,15.329580163868119,1.3948903092437308,0.0028206310789561312
82.89576746119397,47.70111665380359,15.455613320256841,1.394200765298956,0.0014038141575411325
82.98125942790678,48.18018529808951,15.5,1.394212544057879,3.934959669276569e-05
83.06710282107592,48.661255983596526,15.5,1.394796422983317,0.0014409396381977588
83.15300489379594,49.14428618560322,15.5,1.3964212862659038,0.0038709303296905377
83.2387372761175,49.63094798374043,15.5,1.4001241676346041,0.005894355208353682
83.32414573246972,50.12650364218693,15.5,1.4028172384959998,0.0050349698051594186
83.40902778476067,50.62705508401177,15.5,1.4040057430155624,0.003401044848470999
83.49318211671928,51.12691852390027,15.5,1.4058656240282212,0.003499488423464049
83.57640863940128,51.62694976607875,15.5,1.4080489565503578,0.004349190095449671
83.65850731726005,52.12694281293092,15.5,1.4106387739772166,0.005104397594465076
83.73927811815545,52.62694430148743,15.5,1.4136177392297047,0.005885993572708016
83.81852101015511,53.126944001312914,15.5,1.4169908424889557,0.006665436587845726
83.89603596134104,53.62694405581904,15.5,1.42075845095191,0.0074495062033001925
83.97162293979854,54.12694404800499,15.5,1.424921965735133,0.00823705120280389
84.04508191361555,54.626944048325655,15.5,1.4294826838055847,0.009028573802286522
84.11621285088277,55.12694404870112,15.5,1.434441977916739,0.009824169854143862
84.18481571969367,55.62694404848091,15.5,1.4398012480696005,0.010623940893448881
84.25069048814454,56.126944048570785,15.5,1.4455618994247887,0.011427908674236343
84.31363712433458,56.62694404853877,15.5,1.4517253182821552,0.012236021073850615
84.3734555963659,57.12694404854938,15.5,1.4582928437538571,0.013048143611369889
84.42994587234364,57.62694404854602,15.5,1.4652657381238812,0.013864052053227825
84.4829079203759,58.12694404854706,15.5,1.472645154472205,0.01468342517902728
84.53214170857377,58.62694404854673,15.5,1.4804321020601259,0.015505837281766674
84.57744720505147,59.126944048546825,15.5,1.48862740932217,0.016330750797992517
84.61862437792612,59.62694404854681,15.5,1.497231684553678,0.017157509048607168
84.65547319531798,60.12694404854681,15.5,1.5062452743530579,0.01798532925614633
84.6877936253502,60.626944048546854,15.5,1.5156682199306606,0.018813295969561123
84.71538563614894,61.12694404854659,15.5,1.525500211439475,0.019640355064693662
84.73804919584327,61.62694404854767,15.5,1.5357405405271973,0.020465308507861053
84.7555842725651,62.12694404854357,15.5,1.5463880513728525,0.021286810076052622
84.76779083444913,62.62694404855917,15.5,1.5574410905065015,0.022103362292737582
84.77446884963273,63.126944048500285,15.5,1.568897455831735,0.022913314708983702
84.77541828625586,63.626944048720645,15.5,1.5807543452351474,0.023714864061158854
84.77043911246096,64.12694404790238,15.5,1.5930083051535413,0.02450605594587992
84.75933129639284,64.62694405091713,15.5,1.6056551816253377,0.025284788863089158
84.74189480619847,65.12694403990446,15.5,1.6186900619799076,0.026048824789343488
84.71792961002683,65.62694407975499,15.5,1.6321072733468138,0.026795770057078085
84.68723567602879,66.12694393707412,15.5,1.645900129168641,0.027523236653815304
84.6496129723568,66.6269444417062,15.5,1.6600617951687744,0.028228165127350824
84.60486146716414,67.12694268274582,15.5,1.67458150092875,0.02890979137864567
84.55278112859739,67.62694870497681,15.5,1.6894594224269124,0.029557936201788457
84.49317192470433,68.12692855326107,15.5,1.704649746017657,0.030196685502250315
84.4258338223005,68.62699393749209,15.5,1.720268361982091,0.03069043678141819
84.35056677349408,69.12679094642832,15.5,1.73577326948746,0.030466069537816158
84.26717052607174,69.62769889272057,15.5,1.7507087516201945,0.03071753124017087
84.17544523349108,70.13201915301475,15.5,1.7681930693847736,0.03372853298345519
84.07521633324686,70.63316057209111,15.5,1.7878448575127905,0.0380542046871669
83.9662273267163,71.12739157959369,15.5,1.8086420991029566,0.04130735453657411
83.8479046718523,71.61545154591927,15.5,1.8306204920950733,0.04392391336649366
83.71972396211677,72.09763614437607,15.5,1.8537585855607641,0.04651252535993706
83.58117878965191,72.5741223801537,15.291083685248166,1.8780218711878134,0.04901861344637418
83.43177436506294,73.0450270349482,15.030390650602975,1.9033833463918977,0.05143701436001595
83.27104315209746,73.51035085902886,14.766035989073622,1.929812439765879,0.05376855149913871
83.09853775297464,73.97002205531926,14.497593962871255,1.9572781683701024,0.05600907354657381
82.91383271669285,74.42390051725634,14.227785242088371,1.9857625003949209,0.05815347226990965
82.7165595198555,74.87169065362454,14.063614233671027,2.014947817506595,0.05951910103981676
82.50530389228884,75.3156336180134,14.150973701182194,2.0440977179001907,0.05878650021124684
82.27758831734359,75.76028105737585,13.879811037216559,2.073299379063731,0.058242630045847996
82.03663483154415,76.19873143524413,13.58839206026971,2.1028301858491356,0.058984163304877914
81.7823768449985,76.63066376986492,13.29003459773581,2.1326797912618374,0.05983061847878879
81.51474642010302,77.05575977440856,12.984135849078022,2.1638575757146796,0.06285230858205121
81.23545927825276,77.47013338002068,12.672508687767989,2.1989083232593725,0.06960304667507883
80.94864874488671,77.86506571636842,12.3605435438666,2.236159192225048,0.07680574164112829
80.65395773498814,78.24059550777159,12.047630331081955,2.2745400446820496,0.0811048801836662
80.34979781171596,78.59897530050874,11.867115836539972,2.3134794393716622,0.08359107112139928
80.03480353591989,78.94209819432861,11.711896607870258,2.3532779091561693,0.08582143931558374
79.70911640878921,79.26969066976203,11.547064892889631,2.393893154935029,0.08828908997746275
79.37285494156534,79.58150882013145,11.393982910475575,2.435324494883208,0.09067741396486521
79.02623328917431,79.8771980588769,11.248745255587213,2.477569392361661,0.09303408488682197
78.66950201960447,80.15636587921487,11.109607979255456,2.5206470350130545,0.09537900435401628
78.30299304391575,80.4185435081794,10.976750850882455,2.5645517132326865,0.09770181686224381
77.926996138807,80.66329771463784,10.848688851617675,2.6093380765991445,0.1000220488638386
77.5420211890659,80.89002855506713,10.762611984740628,2.6548023403618433,0.10162835285851579
77.14769692290437,81.09873347693554,10.90873616172082,2.6993378073653993,0.09892393361302873
76.7386335757793,81.29244053938902,11.073454730154154,2.739806518915799,0.0889447698058192
76.30377776279849,81.47721087247089,11.08532875891921,2.781979343866818,0.08914951827398337
75.87594869891343,81.63805810325668,10.75041645689584,2.8280931387843955,0.10185906288188129
75.45715069963225,81.77382841517807,10.494540545979996,2.87468954587019,0.10688663228949478
75.03432519000977,81.88944027567685,10.564299938187855,2.9208194443315896,0.10547968090651175
74.608188776605,81.98507868294075,10.597903730673764,2.9665003006256883,0.10481183225876861
74.1795115450363,82.06091333935095,10.629683806084216,3.0117720209790946,0.10418604720696842
73.74909896147054,82.11710580646543,10.661198636796742,3.056656457887071,0.10357100328403751
73.3176114810883,82.15384309692416,10.693710062007169,3.10117396994962,0.10294219956660129
72.8857427857096,82.17130817285621,10.724076070095308,-3.1378233499156947,0.10236004815796755
72.45422087817188,82.16968162804154,10.755152804052644,-3.0939451856066325,0.1017693693808436
72.02358179689669,82.14914722422805,10.789401485175985,-3.0503742322503156,0.10112430399049248
71.59442005015364,82.10989082519067,10.824532721508621,-3.0070934949867074,0.10046896729166048
71.16732180559588,82.05209755577678,10.861542610931668,-2.964089962605623,0.09978545289378804
70.74279651871085,81.97594167019372,10.905101652942571,-2.92136809472971,0.09898988436364083
70.32128066103593,81.8815831445358,10.940158127577005,-2.878928641267611,0.09835649747036193
69.90364105852282,81.76928983317394,10.971277315952708,-2.8366838613376424,0.09779932742377297
69.48913888676606,81.63883647375269,11.12858001063208,-2.794971433921908,0.09456525399094114
69.07370971853977,81.48878170992296,11.286225383943737,-2.7553344196017844,0.08894328469238953
68.65949100059994,81.32032408776433,11.443609164538225,-2.7173258194307057,0.08546331277575976
68.25092806701225,81.13577616818306,11.599252927373186,-2.679412742995111,0.0843718297303676
67.8481004980116,80.93510087899502,11.753426289378258,-2.641731159672456,0.08360461888852908
67.45152486002861,80.71852193640152,11.906213516440186,-2.6042293512485797,0.08281943040271397
67.06158746992116,80.48617728795826,11.979891267609522,-2.5669201285524097,0.08202467169829422
66.67874658413697,80.23825696091275,12.036987559758895,-2.529781067890917,0.08124836496986097
66.30344063608923,79.974935249543,12.094796771954437,-2.4927915128309137,0.08047353936189344
65.93606456673022,79.69634867570193,12.15576023308882,-2.455957037679203,0.07966838307907768
65.57702845286259,79.4026481299687,12.219568896529333,-2.419279234309813,0.07883852396025172
65.22675714769387,79.09399982964331,12.282818694792983,-2.382751898698509,0.07802866395462008
64.88567575349428,78.770570274306,12.35590848947691,-2.3463316872878144,0.07710825716191928
64.55409228053522,78.43238074806261,12.374995235542386,-2.31018293319541,0.07687058260734153
64.23265178627561,78.0799106792356,12.262799382898978,-2.2732022679943245,0.07828363921403479
63.9195847422922,77.71003414068393,12.419859257966884,-2.234606997275397,0.07283131484319218
63.60940343847396,77.31349899810105,12.58095504178824,-2.203940222989519,0.06312899752976865
63.31098866308255,76.90690669037538,12.740299363163308,-2.1744350991211863,0.058988737790684746
63.025692996054026,76.49313009659312,12.897131904662636,-2.1451259603542208,0.05836188654983695
62.753304584849786,76.0721890802459,13.05170832917314,-2.1161179955660163,0.05763424217645454
62.493806862731546,75.64445968573325,13.204144109033747,-2.0875622423653923,0.057508318015866415
62.24963771369932,75.21479278734462,13.35301502035332,-2.0586282156120475,0.059349286437568545
62.02209983761146,74.78596669316876,13.497653122304504,-2.0293792635574373,0.05979185463890869
61.80675551032806,74.34976894581862,13.641052232741874,-2.001491462070783,0.05729418983733233
61.60306955434275,73.90645551951175,13.783368476165792,-1.9749704515729425,0.05423652901142123
61.41028363318062,73.45572858641523,13.924907600484424,-1.9499294197445003,0.050943532700165876
61.227647423098496,72.99731341290365,14.065941593652243,-1.9264218024091364,0.04746383731232973
61.05435016856174,72.53072900238634,14.206777791497462,-1.9045017857980935,0.04383631395863983
60.88953739514336,72.05531258314691,14.347749886345651,-1.8842069834726984,0.04011824794872409
60.73231701587121,71.57020262945213,14.489221302657155,-1.8655325022818374,0.035698490090698164
60.58175726374596,71.07425192411272,14.631607479653459,-1.8496675395982132,0.02789300364301867
60.43720237683926,70.5694023613508,14.774472441811609,-1.8411923186462227,0.020390679989266587
60.29844230913336,70.06879693444729,14.914452090690492,-1.8311230866564838,0.018583954852703477
60.16522479421636,69.56867760136888,15.052619205157079,-1.8212961524273954,0.01899039949572002
60.03729832931377,69.06871956225068,15.189136446748295,-1.8117870960218345,0.018381739683607533
59.914411404351114,68.56870574936471,15.324131675675906,-1.802745028795093,0.01760342649900049
59.79631251294107,68.06871010238872,15.457653192916792,-1.794131635668344,0.01677684359732091
59.682750148056336,67.56870880761696,15.5,-1.7859677212827267,0.01593969487143053
59.573472801551084,67.06870902435361,15.5,-1.7782558108004662,0.015082226662768566
59.468228964032114,66.56870966606579,15.5,-1.7710006859291403,0.014157269173905024
59.36676712476118,66.06870750345125,15.5,-1.7643117215297048,0.013025540068053107
59.268835771690256,65.56897548396904,15.5,-1.7583762125363533,0.0117608266201655
59.17418339062414,65.07030999626826,15.5,-1.7530098147263036,0.010598155944623343
59.082558379927505,64.57304317466436,15.5,-1.7482021513448527,0.009565649055167385
58.993709111473095,64.07748337830712,15.5,-1.7438828305948373,0.008578436299528414
58.90738340078238,63.58373079469376,15.5,-1.7400976401273527,0.007562261744092506
58.823329694501325,63.092009315533595,15.5,-1.7368666834800377,0.006529532156335589
58.74129686847475,62.60259446922831,15.5,-1.7341264182413807,0.005511132898697083
58.661031035307275,62.11553898021767,15.5,-1.7319361142477356,0.0044555434964472646
58.58228136177932,61.63107213041042,15.5,-1.7302934609905696,0.0033738759085247885
58.50479624357231,61.149389842505094,15.5,-1.7291755722621491,0.002296427819303797
58.42832056359309,60.6705697193005,15.5,-1.7285976509568306,0.0012306121538683795
58.35260005009945,60.19471214321618,15.5,-1.728503624274817,0.00034233514174492356
58.27736751674158,59.72163461105767,15.5,-1.7286198266168864,0.0003530168233376703
58.20228382213126,59.249846469747325,15.5,-1.7291571525859324,0.0011498800899556916
58.12708000722449,58.778933897562396,15.5,-1.7301612244074887,0.002125980474346609
58.0515063178514,58.308737394705005,15.5,-1.7316680987834092,0.0031533904612656557
57.97533218298738,57.83932081870972,15.5,-1.733652279927949,0.004180270104411053
57.89830804890855,57.3705508457285,15.5,-1.7361226861018064,0.005208823961117202
57.82019252752944,56.90237071995699,15.5,-1.7390901355617947,0.006247362268114264
57.74075606866043,56.434824794842164,15.5,-1.742538529726202,0.007284799825467134
57.659745833069536,55.96777483483142,15.5,-1.7464884848851814,0.008327077048563891
57.576949230602395,55.50137422500954,15.5,-1.750920933775139,0.00936579287005742
57.492105049090526,55.03544896485773,15.5,-1.7558465611138503,0.010401417660928954
57.4049974387841,54.570110237183854,15.5,-1.7612616066982292,0.011440610285965398
57.31538857365738,54.10533967884726,15.5,-1.767165081390122,0.012474221919125021
57.22304616386179,53.64114964751015,15.5,-1.7735573524974615,0.013508001739979935
57.12774960271006,53.17761370771782,15.5,-1.7804374062226402,0.014538971732680053
57.02926251079814,52.71472718089885,15.5,-1.787804126526429,0.015329319112539238
56.92737251687431,52.252598465741954,15.5,-1.7952048426825882,0.01563654114475178
56.82204622185628,51.79115304565095,15.5,-1.8026358318290954,0.015703627852042434
56.71329570847562,51.33051082245998,15.5,-1.8101021973353506,0.015773938443789912
56.60109068025377,50.87061858177694,15.5,-1.8175998913442806,0.01583635781902822
56.48541441193058,50.41147616879601,15.5,-1.8251267677313363,0.015900191348350003
56.36627094647532,49.95316127855972,15.5,-1.8326884521769398,0.01596333098927425
56.24362445655313,49.49560808052884,15.5,-1.8402773315250127,0.016020403065326042
56.11747509346896,49.03887525678338,15.5,-1.8478964338130013,0.016078572668568585
55.98781163699541,48.58298358993454,15.5,-1.8555457068237904,0.016139161332921148
55.85462248817605,48.127952635757886,15.5,-1.8632272282322835,0.016194111061241828
55.71787939213145,47.67375032396252,15.5,-1.8709320160395815,0.0162482714326862
55.57759548863961,47.22046846651849,15.5,-1.8786720321841865,0.016302334824710434
55.43373125722763,46.76804648093883,15.5,-1.8864339449001113,0.01635251278655263
55.28629929897415,46.3165697033167,15.5,-1.8942277937254346,0.0164065176946088
55.13527458667095,45.86602142486299,15.5,-1.9020505529522913,0.016453849568195057
54.98063654201787,45.41639661028682,15.5,-1.909893709610116,0.016499272151954136
54.82239917650759,44.96777835904749,15.5,-1.9177699856653703,0.01654621816266571
54.66053039424353,44.52013570870995,15.5,-1.9256665303692662,0.016624695619231803
54.49504344909928,44.073546602684196,15.5,-1.9336438190694794,0.016773752581075323
54.32569369781688,43.627487053112986,15.5,-1.941728209896239,0.016853083178294627
54.15198893379615,43.18087133146041,15.5,-1.9497745612645447,0.016715586793053384
53.9737940094941,42.73340222032504,15.5,-1.95771451131487,0.01645222972075464
53.79119515468005,42.28525949852528,15.5,-1.9655657054488578,0.016188257877454856
53.60424647307244,41.83655518548473,15.5,-1.9733331584197715,0.015946041824197916
53.413007320859535,41.387412138533456,15.5,-1.9810226517896063,0.015722168598249885
53.21754077903915,40.93796076450229,15.5,-1.98864186989486,0.015519433971519574
53.01790553082802,40.48832262396405,15.5,-1.9961997487389949,0.015333746605088804
52.81414541846491,40.03858984830662,15.5,-2.003697116380313,0.015163851022806681
52.606325364512855,39.588895884747515,15.5,-2.011145219589906,0.015012718595332725
52.39447857484196,39.1393124276466,15.5,-2.018548843789352,0.01485385707344057
52.17862560305641,38.68988666105627,15.5,-2.025882297218338,0.014661269413176272
51.95905619770181,38.241184491169726,15.5,-2.03313122106276,0.014545912502005542
51.73662418402569,37.794856670984686,15.5,-2.040396389447721,0.014607713323784029
51.51172074295794,37.35166475298665,15.5,-2.0477213045237863,0.014762681305952693
51.28432107073763,36.91157208725403,15.5,-2.055104324376703,0.014930366241492316
51.054453421139634,36.474643420215884,15.5,-2.0625477483120265,0.015103304330256149
50.82212741485773,36.04090803032849,15.5,-2.0700545356372007,0.015284238001963473
50.587387722260175,35.61046129964333,15.5,-2.0776258299023835,0.015471693550444232
50.35022769168384,35.18330261702444,15.5,-2.085267106470016,0.015669827769381042
50.11071409858055,34.759567054825695,15.5,-2.092983002165799,0.0158834150671112
49.86888750836388,34.339341830473316,15.5,-2.100774497473265,0.016104263625880657
49.62475096634099,33.92264670899177,15.5,-2.1086483179370807,0.01633538041249797
49.37836971406925,33.50961124326982,15.5,-2.116597459089656,0.0165515714526062
49.129657223191515,33.10010199939613,15.5,-2.124572571908626,0.016662036573329323
48.878053836793754,32.69318288747097,15.5,-2.132535513594317,0.01664952128293894
48.62322408738808,32.28828953133877,15.5,-2.140478813356919,0.016605692133108054
48.3652286578834,31.885499368948224,15.5,-2.1484020520580205,0.016565599647168253
48.104052962084666,31.48477059790905,15.5,-2.156304239260142,0.01652213238024898
47.83973009731954,31.086135184087357,15.5,-2.164185703225288,0.01647883214491527
47.57226960540677,30.68958939324072,15.5,-2.172045790116746,0.016433878797586784
47.30169120977645,30.29514451598453,15.5,-2.1798844133610364,0.016388045943635143
47.028010590115336,29.902805941758146,15.5,-2.187701241630462,0.016341269249755146
46.751246843383335,29.512583854278105,15.5,-2.195496216633722,0.01629449971241465
46.47141851588938,29.12448762795935,15.5,-2.203269452281484,0.016244799961185618
46.18852309119912,28.738498023224274,15.5,-2.2110184693964294,0.01619272737644629
45.90259366177363,28.354643024934177,15.5,-2.2187447952822157,0.01614224197734924
45.613646644292544,27.9729289030084,15.5,-2.2264487785769376,0.01608929936675723
45.321681762055064,27.593340645600474,15.5,-2.2341272804685546,0.016035150848360415
45.026735261348975,27.215908685932032,15.5,-2.241783698777816,0.015980993283089235
44.728802654412625,26.84061373281318,15.5,-2.249414740096196,0.0159239179436176
44.42790449191988,26.467466353743394,15.5,-2.2570209311878227,0.015866330658210342
44.1240548553905,26.096469505253605,15.5,-2.264602822335776,0.015805476159092578
43.817255565035204,25.72761205389567,15.5,-2.2721557665190906,0.01574439807147346
43.50754925944098,25.360928620986403,15.5,-2.2796866601979375,0.015684242411565318
43.19492094410494,24.996390443282703,15.5,-2.2871890443105602,0.015620795372310462
42.87939728788022,24.634013567142137,15.5,-2.2946655964140894,0.015556698584233173
42.56098462089875,24.273792547394542,15.5,-2.3021153875470186,0.015489693089734824
42.239690022006535,23.915722669885433,15.5,-2.3095349316834097,0.015421695880542569
41.91554309612904,23.559821975052696,15.5,-2.3169294596236845,0.015355460419037589
41.58853802098452,23.206073339332743,15.5,-2.324295949544879,0.015283396535496456
41.25867973028431,22.85447004268482,15.5,-2.331628301687144,0.015211239936289978
40.92601015021919,22.505040515711983,15.5,-2.3389388413473595,0.015139490966968866
40.59049814335388,22.15774505336897,15.5,-2.3462124344781223,0.015064330125712528
40.25219027316575,21.812614839551536,15.5,-2.35346182721937,0.01498867185810259
39.9110652117279,21.46962030517171,15.5,-2.3606756378498903,0.014910830583657634
39.567154921219114,21.128778510405045,15.5,-2.367861813738401,0.014831238905998535
39.22045088978999,20.790071751314233,15.5,-2.3750125861453433,0.014765181587446915
38.870978707301845,20.4535109278549,15.5,-2.3821592454097384,0.014782000060506924
38.5186009562902,20.118972788928872,15.5,-2.3893973162352946,0.014814040284638407
38.16264523420112,19.78590306938957,15.5,-2.396586059909887,0.014684062762340263
37.802941226699005,19.454143557445136,15.5,-2.4036539573729816,0.014416859016675426
37.43961757586573,19.12376727637501,15.5,-2.41060348211051,0.014132185845036196
37.07282343406257,18.794862791637364,15.5,-2.4174461500739017,0.013868323569265224
36.70268891072437,18.467504377193563,15.5,-2.4241860477408665,0.013621867113494229
36.329354957961506,18.141774257328592,15.5,-2.43082835039477,0.013395544641453892
35.95296989850449,17.817759979061336,15.5,-2.4373870120074477,0.013190006930839916
35.57364585272328,17.495522945195823,15.5,-2.443861924647096,0.013001251551097517
35.19152095274579,17.17514309741427,15.5,-2.450264866997411,0.01283006275834614
34.806701443715795,16.856677707174363,15.5,-2.456599440999198,0.012670196318359365
34.41929767762367,16.540186896548832,15.5,-2.4628645851252835,0.012492314572150973
34.02945398515616,16.225754628088477,15.5,-2.469022191604901,0.01230975879702725
33.637611750497456,15.913673221595527,15.5,-2.4751176302234876,0.012188452315962287
33.24401543459458,15.604096871201751,15.5,-2.4811896779778864,0.01212778972092898
32.84866749306585,15.297010034082657,15.5,-2.487236016704623,0.012082023847786848
32.45158469032803,14.992407152909754,15.5,-2.4932582166192216,0.012034504495866256
32.05276428617571,14.690268946529248,15.5,-2.4992532489274413,0.011985414546459837
31.652230110880037,14.390594717182912,15.5,-2.5052230464761163,0.011935332177940596
31.249976508657205,14.093363044470237,15.5,-2.5111655281461274,0.011883505278033894
30.846018345452556,13.79856685040639,15.5,-2.51708089606554,0.011829937151152776
30.440356896172393,13.506189480277428,15.5,-2.522968096053181,0.01177483182638637
30.033007663670308,13.216224209022778,15.5,-2.528826964933106,0.011718694673993295
29.623979697945625,12.928659740463797,15.5,-2.5346569788749274,0.01166105287786543
29.213275503449665,12.643480142561959,15.5,-2.5404575403209946,0.011602715191250177
28.800902332891084,12.360672766750424,15.5,-2.5462323668933498,0.011552770812007
28.38697440693515,12.080299922778435,15.5,-2.5519914471014253,0.01152063553679269
27.971717464829133,11.802502070612295,15.5,-2.5577327264722642,0.011496212716928876
27.555197461226996,11.527307617746965,15.5,-2.563455883500416,0.011469753945404114
27.137452031258224,11.254725098991305,15.5,-2.5691612083166513,0.011444610658492846
26.718513772642247,10.984759485827972,15.5,-2.5748514379909357,0.011423306681945643
26.29843690007233,10.71743075844119,15.5,-2.580527273307255,0.011405815608124365
25.877268829848095,10.452754140226995,15.5,-2.586190194155343,0.011391704248527505
25.455059606499365,10.190746624238376,15.5,-2.5918420242478786,0.01138213708640315
25.031863622325012,9.931428140082428,15.5,-2.5974850664945137,0.011377411483739908
24.60774171699216,9.67482295949353,15.5,-2.6031202931831587,0.011360609492379681
24.18274892495225,9.420951400157602,15.5,-2.6087116084367596,0.011303035789672495
23.756662141435413,9.169648111656254,15.5,-2.614256609301932,0.01122256251029057
23.32931339158937,8.92078409170468,15.5,-2.6197721459351944,0.011155793821581725
22.900714260704643,8.67434744571149,15.5,-2.625258324435143,0.01109911477483378
22.47087926455849,8.430328129979996,15.5,-2.6307148707739954,0.011044279660015347
22.039822123588145,8.188715555879616,15.5,-2.63614699354775,0.010993050586737075
21.607596457273953,7.949524224995079,15.5,-2.6415502118369876,0.010938580505053728
21.17421257135308,7.712741645437327,15.5,-2.646919941967292,0.01088065127870402
20.739649015745613,7.4783357607492205,15.5,-2.652266972016118,0.01082810730632654
20.303975945514168,7.246330137979091,15.5,-2.6575840671627353,0.010775647849644658
19.867194646338945,7.016706965843613,15.5,-2.6628729040280725,0.010720440586170159
19.429323625906225,6.789458613017644,15.5,-2.668133830738975,0.010667499862470791
18.9903837493219,6.564578796156191,15.5,-2.673368935373749,0.010613891132686917
18.550410718244986,6.342069785601238,15.5,-2.6785708105577295,0.01055835863976985
18.109378703306245,6.12189864880531,15.5,-2.683750640451258,0.010507493616764478
17.66735944458502,5.90408750230459,15.5,-2.6889025438514156,0.010455383118877792
17.224364133822693,5.688624676123301,15.5,-2.694021110346461,0.010397259645934501
16.780363559770915,5.475476228322954,15.5,-2.699115105205895,0.010344220203716064
16.33540966623803,5.264652301016902,15.5,-2.7041831498062545,0.010293931307094927
15.889533672852117,5.056151886735787,15.5,-2.7092215823073884,0.010240109249011536
15.442733586704179,4.849956354882099,15.5,-2.7142332052821967,0.010186268473994028
14.995034841763804,4.646061392616462,15.5,-2.719216725169418,0.010132708282392475
14.546449759148711,4.444455893238079,15.5,-2.7241719938163893,0.010077699093461798
14.09699038147041,4.245128583889382,15.5,-2.7290981667694054,0.010024217901935606
13.646662749497274,4.048065151034707,15.5,-2.7340014169958082,0.00997357843314256
13.195526894938538,3.853278040413847,15.5,-2.7388739585038775,0.00992092369880148
12.743564692458227,3.6607414246744963,15.5,-2.7437211068731213,0.009865823499393281
12.29081263795541,3.4704558267467887,15.5,-2.7485357960651053,0.00981015296781802
11.83724010534645,3.282389784364764,15.5,-2.7533269495173984,0.009756945511564358
11.382907356291792,3.096554503384784,15.5,-2.7580887904511973,0.009704657431219786
10.927810318052792,2.9129313732247994,15.5,-2.7628243369982513,0.0096318919920636
10.471977327256837,2.7315165671215356,15.5,-2.767487724809298,0.009500584250965786
10.015013519132758,2.5521156904888795,15.5,-2.7720600319978432,0.009324866512963414
9.556464841735023,2.3745080629785833,15.5,-2.7765683371253047,0.009164081772923596
9.0962649916578,2.1986427244130144,15.5,-2.7810187797124017,0.009025490173031673
8.634425936916712,2.024502534173407,15.5,-2.7854102056871444,0.00888954007526871
8.170946177830192,1.8520645816600436,15.5,-2.789742216571016,0.008752654099816487
7.705821484516355,1.681304788093745,15.5,-2.7940148371952653,0.008615563623548567
7.239049347607798,1.5121997847506607,15.5,-2.798227684875501,0.008478393973337096
6.770624664054638,1.3447251111176954,15.5,-2.8023810049075593,0.008338970735082602
6.300545647072831,1.1788576699941813,15.5,-2.8064692225342966,0.00821235114352299
5.828764807850586,1.014555505975049,15.5,-2.81053328154395,0.008202714237634284
5.355565147606278,0.85191254350097,15.5,-2.8147424773805527,0.008386933866292383
4.882428512916072,0.6915148348705749,15.5,-2.8190646753420134,0.008605809454029325
4.410332922366389,0.533741734042509,15.5,-2.8233898864784392,0.008712592490524746
3.9393551611225455,0.3786035494141855,15.5,-2.827732558670971,0.008775727273385997
3.4696506716347386,0.2261426512443283,15.5,-2.8320948072069614,0.008854081542224062
3.0013616124411335,0.0763960256104168,15.5,-2.8364807016384663,0.008943588987709694
2.5346305170520194,-0.07059919606971254,15.5,-2.840895998950055,0.009046805818682224
2.0696095344661307,-0.21480207769306991,15.5,-2.8453451162268375,0.009161582551573594
1.6064498782755923,-0.35617205206736013,15.5,-2.8498279442553147,0.009287075623434138
1.1452735456360137,-0.4946797494817998,15.5,-2.8543544020149536,0.009347639696998358
0.6862402227958413,-0.630281669307375,15.5,-2.8587540673283907,0.009196589368614522
0.22835150951472682,-0.7633579331153149,15.5,-2.862966414741127,0.008903000534841337
-0.22960063766128158,-0.8943631855904659,15.5,-2.867091705031064,0.0086732882831334
-0.6877606605211107,-1.0233855890255317,15.5,-2.8711436033201894,0.008513511695683179
-1.1461134898104133,-1.1504600797127966,15.5,-2.875114748960007,0.008354368708277915
-1.604715109332164,-1.2756445373441747,15.5,-2.879007659364333,0.008190983565721923
-2.0635702518246744,-1.3989808444603469,15.5,-2.8828191113973745,0.008024789854378654
-2.522718448367606,-1.520521375069209,15.5,-2.8865489342996073,0.007855432540380803
-2.982178425380523,-1.6403124521227874,15.5,-2.8901971234046773,0.007684620681231351
-3.441950598263048,-1.758395265777867,15.5,-2.8937611347937566,0.0075095726127238525
-3.9020975692652535,-1.87482778650415,15.5,-2.8972399182710133,0.007187055125977227
-4.362645318675664,-1.9896584852415624,15.5,-2.900360959438582,0.0065406958555987
-4.823576108790389,-2.1030578548399785,15.5,-2.9030556368792433,0.005676231077135631
-5.284922870004687,-2.2152420061686176,15.5,-2.9053213890523333,0.004774408552870865
-5.7466627518026066,-2.3264143103010007,15.5,-2.9071615452944326,0.0038725186832331837
-6.208851605564137,-2.4367953074752977,15.5,-2.9085720341969585,0.00296991953019684
-6.671486934963969,-2.5465934043580285,15.5,-2.9095561040887765,0.002070380979462653
-7.1346024685875244,-2.656024173108261,15.5,-2.9101153933564805,0.0011779172472080632
-7.598243398729464,-2.7653053375859034,15.5,-2.910255005488369,0.00028923114271982547
-8.062490097349123,-2.8746608699755707,15.5,-2.909967507767324,0.0005991600742843093
-8.52735885083238,-2.9843040042711086,15.5,-2.9092628991816842,0.0014705428233005144
-8.992916217041032,-3.0944558952342973,15.5,-2.9081524325362307,0.0023246905336849703
-9.45927620479914,-3.205344700443043,15.5,-2.9066302139553795,0.003175273863679016
-9.926506987673275,-3.3171922697793055,15.5,-2.904695590912378,0.004006009461220079
-10.394657048218198,-3.430217938760217,15.5,-2.9023861136725637,0.004811723614313664
-10.863906372251355,-3.544656534520277,15.5,-2.8996643205862314,0.005600273830470577
-11.334276646626714,-3.6607258013772825,15.5,-2.8965893832450678,0.006357499217080739
-11.80596807295889,-3.7786609904882433,15.5,-2.8931281564580953,0.007091637881410648
-12.279053920618962,-3.898686155191489,15.5,-2.88931682061682,0.007789660196577073
-12.753689362200578,-4.021031770641586,15.5,-2.8851721264399357,0.008280647189349956
-13.230049016071451,-4.1459296460762225,15.5,-2.8810192592509005,0.008445743753230291
-13.709083154247585,-4.273657204503107,15.5,-2.8768024284985376,0.008683865739488456
-14.191553682188557,-4.404482630806433,15.5,-2.8721135867715977,0.009362359476778258
-14.67726999682081,-4.538636205582507,15.5,-2.866921340409208,0.010271868604481291
-15.165958488224181,-4.676345590365431,15.5,-2.8612191440796253,0.01119556252694425
-15.657321447941209,-4.817837860563832,15.5,-2.855003498500066,0.012127478141991853
-16.151047300399387,-4.963339840884427,15.5,-2.84825370911473,0.013073181053225769
-16.646781876657595,-5.113077810590592,15.5,-2.8409726042245076,0.014034699800521836
-17.14417687212165,-5.267278098749371,15.5,-2.8331314323504997,0.015016427272873561
-17.64283633028266,-5.426166793286384,15.5,-2.8247353145935197,0.016041182789959706
-18.142380747979804,-5.589970024275137,15.276297078464967,-2.8157065915767983,0.0170876003375431
-18.642311005255603,-5.758913811306985,14.997399007941837,-2.806154263495028,0.018084810245127765
-19.142322605987385,-5.93322420935145,14.712225945136879,-2.7960453026036904,0.02258570871022505
-19.64206624177341,-6.113127272555783,14.420518908997773,-2.7774357214500585,0.034279566931956704
-20.129317792731086,-6.2988462217080246,14.12827783741563,-2.751201673604951,0.04746104668705159
-20.59531966635333,-6.490611599174688,13.839999015853543,-2.724291346345359,0.054701165806963374
-21.043194784886616,-6.68917235252905,13.553851982835457,-2.695940012067835,0.058687681976813205
-21.474269781577785,-6.895098812915227,13.268878363635684,-2.666141414480481,0.06314849068995809
-21.889573286907307,-7.108914843491161,12.984195371785974,-2.6349186777390026,0.06757065359145407
-22.289894626758283,-7.331093239410243,12.698969955129954,-2.602320632102236,0.07189133879868675
-22.67583496368807,-7.562055568332541,12.412393372699166,-2.568394108369791,0.07607366728542769
-23.047809181295555,-7.802161382951105,12.123684465357023,-2.5332014363197883,0.08009049980707358
-23.40609116019763,-8.051714417842938,11.84353765396805,-2.496799422728456,0.08392422958449462
-23.750814749363613,-8.310953761719919,11.594556372971885,-2.4592486738207744,0.08756730431022891
-24.082004370363578,-8.580060408052558,11.372903639170946,-2.4206069389219054,0.09101386017764124
-24.399587672543948,-8.85915686431568,11.17488236540644,-2.380927535808363,0.09426800868304158
-24.703407467552804,-9.148307698466338,10.99712423018983,-2.340258240707241,0.09734014551844235
-24.993232629229666,-9.447520714234479,10.836286990721456,-2.2986349651061104,0.10025112536858011
-25.268754401721324,-9.756736947910266,10.689975164327423,-2.256091381005686,0.10301414468182853
-25.52961857167175,-10.075853719452548,10.556188587768528,-2.2126528232907337,0.10564184386157494
-25.775417247879954,-10.404710655151087,10.431993853396238,-2.1683296908582306,0.10817218654410898
-26.005678016089306,-10.743069804279587,10.315763968598889,-2.1231279132967043,0.11062351661351287
-26.219905189090056,-11.090661842368615,10.205672059386263,-2.0770412405893492,0.11302305329679693
-26.41754291708872,-11.447126148891563,10.099487162891693,-2.030049978643733,0.11541217096417604
-26.59800418992026,-11.812048566328766,9.995935261298213,-1.9821253661460565,0.11781575858908522
-26.7606651937523,-12.184942760047502,9.893629528469877,-1.9332271486630346,0.12026491965498658
-26.904871504342022,-12.565253103036888,9.791145693798837,-1.8833024541297416,0.12279571931060301
-27.029933713028218,-12.95233114035792,9.684804884174957,-1.8322750200227425,0.1255071599596945
-27.135115979884166,-13.345380856656211,9.581085790005941,-1.780065486394377,0.1282391986863014
-27.21973090926702,-13.743796520307143,9.447225599519893,-1.726548559603822,0.1318990539551252
-27.282831021457245,-14.145646564494944,9.30491837101621,-1.6716769025941642,0.13596437113005094
-27.32417089445266,-14.554045706849434,9.479736006476642,-1.6189102415621093,0.12133557224858912
-27.34541772916929,-14.995299285508873,9.664342359641415,-1.5745311078682522,0.09672254048400235
-27.347142563902317,-15.4571273497165,9.853637070928217,-1.5315616540323493,0.09704790312529785
-27.330175497889705,-15.889356237754049,9.945438410736713,-1.4827075841399187,0.11483810353787845
-27.293443927334295,-16.305260841559587,9.603716450766061,-1.4302573370365577,0.12760647027961017
-27.236716071298122,-16.70624481194819,9.260223601553257,-1.3752098175247218,0.13728001136796886
-27.159460900037182,-17.096187561551528,9.164184341201878,-1.3195722177756866,0.14017243579705363
-27.060976527624163,-17.479923433249485,9.22633858825989,-1.264837997831165,0.13829022295685453
-26.941764105159567,-17.857325005268248,9.309330468516746,-1.2111240264341594,0.13583552278644506
-26.80252886099126,-18.227603173587283,9.391562855453007,-1.1583568604840477,0.13346718922677758
-26.643942872916476,-18.590056783160406,9.474533984907769,-1.1064824280526193,0.13113980621480267
-26.46662801515111,-18.944096569377844,9.559162956331244,-1.0554659063954333,0.12882807668915333
-26.271197590470187,-19.289149609372476,9.646480581723743,-1.0052695564801528,0.12650639051655846
-26.05819771121408,-19.624753971430344,9.739387871477996,-0.9558855174648087,0.12410432862460348
-25.8281353236411,-19.950504283348597,9.838881334101195,-0.9073160667918821,0.12160706537635116
-25.58148874214761,-20.266031539326303,9.946702589863158,-0.8595634073558154,0.11898493790440201
-25.318662532228693,-20.57104943226341,10.065927786329306,-0.8126561877067824,0.11618301237375032
-25.040012605559927,-20.865319906014015,10.197614939992215,-0.7666336847392378,0.11320172252244542
-24.745858434782612,-21.148636860212697,10.34448854702268,-0.7215210189497888,0.11001001077133538
-24.43640121914058,-21.420885731408227,10.502656551361843,-0.6773915341632897,0.10656966329222624
-24.111800858838635,-21.681980049656293,10.66013148785187,-0.6342966818295168,0.10287742918916218
-23.772103538443428,-21.931900900088845,10.817219106019804,-0.5923133916127025,0.0989425976599079
-23.417264542719167,-22.17067608615341,10.974233515199812,-0.5514877765910191,0.09467939216842094
-23.047042533798027,-22.398419677505554,11.131536334111988,-0.5120101055571631,0.09054417549761014
-22.661298293603267,-22.615208218827622,11.289420158322859,-0.4733128576537196,0.08697013913243783
-22.25832341315403,-22.82158801986386,11.448711588356742,-0.43521623584171165,0.08226340953245237
-21.8349025394062,-23.01845738753805,11.610710622532304,-0.39937882118945583,0.07458429757046996
-21.389566269996624,-23.206416545057504,11.776061089784667,-0.36726865624397936,0.06533686999203411
-20.923349832954685,-23.38578130854034,11.944532175601193,-0.33843816844509783,0.05471951168287618
-20.437281432112986,-23.556867948002278,12.115867341232557,-0.3161288811818518,0.04221676930026955
-19.939110438595392,-23.719819006058742,12.287692903479403,-0.3004517016415144,0.03217501315882888
-19.439004282708805,-23.874767518113693,12.456961022704865,-0.28608951760605184,0.0280735481319976
-18.93901544119328,-24.021843744331303,12.62320299903167,-0.27177483784319284,0.02749074725454269
-18.439017290321228,-24.161178158328404,12.786619911871467,-0.25759243969066686,0.027378180575047793
-17.939015566617492,-24.292901237194634,12.947360407902769,-0.2435521091209778,0.02720720599766422
-17.43901633943652,-24.41714345801604,13.105562751980276,-0.22965885755023704,0.027012540261852805
-16.93901605381019,-24.5340352978593,13.261358632784818,-0.21592442159076744,0.026791659107615856
-16.43901615013459,-24.643707233787367,13.414869554525977,-0.2023569425656892,0.02654484329871993
-15.939016119352143,-24.746289742861723,13.56620960500281,-0.18896534043600888,0.026273503943520418
-15.439016128845644,-24.84191330214266,13.71548529839605,-0.17575776148996547,0.02597843473306906
-14.939016125991058,-24.9307083886893,13.862796395106157,-0.16274205640006684,0.025660759694172613
-14.439016126833206,-25.012805479559635,14.008236318266514,-0.14992562439134877,0.02532155841794843
-13.939016126588422,-25.088335051810525,14.151892631696299,-0.13731545001889958,0.024961976764608377
-13.439016126658723,-25.157427582497736,14.293847441797192,-0.12491808824228742,0.024583180071325057
-12.939016126638744,-25.220213548675947,14.434177772243256,-0.1127396673449075,0.0241863544348805
-12.439016126644379,-25.276823427398778,14.57295590298449,-0.10078589019987078,0.02377269458847539
-11.939016126642791,-25.327387695718798,14.710249681169092,-0.08906203897128087,0.023343396126694598
-11.439016126643237,-25.372036830687566,14.846122806198071,-0.07757298167029969,0.022899647246909377
-10.93901612664312,-25.41090130935563,14.980635092066137,-0.06632318074257772,0.022442621386248262
-10.43901612664314,-25.444111608772552,15.113842709364778,-0.055316703395892376,0.021973470445721784
-9.93901612664314,-25.471798205986936,15.245798409108383,-0.04455723349248054,0.02149331871726958
-9.43901612664314,-25.494091578046447,15.376551730235485,-0.034048084800869134,0.02100325750361545
-8.93901612664314,-25.51112220199783,15.5,-0.023792215412182925,0.020504340437071326
-8.43901612664314,-25.52302055488693,15.5,-0.013792243129413078,0.01999757948563497
-7.939016126643139,-25.529917113758717,15.5,-0.004050461646079053,0.01948394162711172
-7.439016126643139,-25.531942355657304,15.5,0.005431142660683086,0.018964346163850215
-6.939016126643139,-25.529226757625963,15.5,0.014650873486889874,0.018439662644415152
-6.439016126643139,-25.52190079670717,15.5,0.02360730706165848,0.017910709353504355
-5.939016126643139,-25.510094949942584,15.5,0.03229927445113589,0.017378252327935707
-5.439016126643139,-25.493939694373122,15.5,0.040725843835533945,0.0168430048542018
-4.939016126643139,-25.473565507038938,15.5,0.04888630287501844,0.0163056274016187
-4.439016126643139,-25.449102864979455,15.5,0.05678014126831999,0.01576672794504278
-3.939016126643139,-25.420682245233397,15.5,0.0644070335954719,0.015226862631679156
-3.439016126643139,-25.388434124838813,15.5,0.07176682252428472,0.014686536747461586
-2.939016126643139,-25.352488980833073,15.5,0.07885950244865515,0.01414620594059215
-2.439016126643139,-25.31297729025292,15.5,0.08568520361676518,0.013606277662095705
-1.9390161266431392,-25.270029530134472,15.5,0.09224417679648571,0.013067112785573176
-1.4390161266431392,-25.223776177513244,15.5,0.09853677851675124,0.01252902737146636
-0.9390161266431392,-25.174347709424183,15.5,0.1045634569150337,0.01199229454404449
-0.43901612664313916,-25.121874602901677,15.5,0.11032473821336007,0.011457146452168651
0.060983873356860854,-25.06648733497957,15.5,0.11582121383858535,0.010923776288262485
0.5609838733568681,-25.0083163826912,15.5,0.12105352819685988,0.010392340342713422
1.0609838733568138,-24.9474922230694,15.5,0.126022367106269,0.009862960074144098
1.5609838733570551,-24.884145333146545,15.5,0.13072844688880936,0.00933572417719487
2.060983873356164,-24.818406189954537,15.5,0.135172504113222,0.008810690638323062
2.560983873359256,-24.75040527052485,15.5,0.13935528599795372,0.008287888750587643
3.060983873348757,-24.680273051888538,15.5,0.143277541406184,0.007767321136721245
3.5609838733838792,-24.60814001107626,15.5,0.14694001262330797,0.007248965573040538
4.06098387326834,-24.53413662511829,15.5,0.1503434272150175,0.006732777269868924
4.5609838736402555,-24.458393371044544,15.5,0.1534884922442298,0.006218689487799578
5.06098387247824,-24.3810407258846,15.5,0.15637588340529912,0.0057066189501975475
5.5609838759550385,-24.302209166667698,15.5,0.1590062522142246,0.005196457731329024
6.060983866244847,-24.222029170422775,15.5,0.1613801830328579,0.004688096856761199
6.560983890107164,-24.140631214178477,15.5,0.16349828250533655,0.004181404150350812
7.06098384787667,-24.05814577496316,15.5,0.16536100185865382,0.0036760877797990085
7.560983828637971,-23.974703329804914,15.5,0.166968587306881,0.0031730907344604043
8.06098456719837,-23.890434355731852,15.5,0.16832391254291668,0.0026660164946277843
8.560979300972406,-23.805469329784437,15.5,0.1694117024242655,0.00219843664837584
9.061008386143541,-23.719938729297546,15.5,0.17034015994312085,0.0023033037178602426
9.560788495489561,-23.633973039159784,15.5,0.17208127804310155,0.003206276536914909
10.057166214231923,-23.547702494285282,15.5,0.1741840154017991,0.003372215356439797
10.548427705894731,-23.461256563021692,15.5,0.1749810426244589,0.0021645178219808834
11.037906446183129,-23.37472207311843,15.5,0.1755698995448909,0.0010792038618023883
11.52522887269252,-23.288272833033684,15.5,0.1757307415017037,0.0003565043170232907
12.01080254637685,-23.20205325468513,15.5,0.17551799020029213,0.0004399385197664482
12.494798216448975,-23.11622008348402,15.5,0.17491468864159962,0.0012313325401779578
12.977447273414702,-23.03092603316725,15.5,0.17391582983831974,0.002041826862305124
13.458993415768107,-22.94632282146676,15.5,0.1725190994007568,0.0028605572014813556
13.939684713196533,-22.86256174909502,15.5,0.17072412246029103,0.0036839820970318363
14.419767967210639,-22.7797942561585,15.5,0.1685289504980316,0.004509428691108532
14.899516764955441,-22.698168448648122,15.5,0.16593562694793376,0.00533164332684511
15.379204728336202,-22.61783242771995,15.5,0.16294725748499705,0.006145306961411044
15.859113698491306,-22.538933030736324,15.5,0.1595688864731913,0.006945414933007229
16.339548443436367,-22.46161323196928,15.5,0.15580716889428706,0.007726848807389954
16.820816713448668,-22.386015459019806,15.5,0.1516703243350594,0.008483682620514249
17.30322950260929,-22.312281496590135,15.5,0.14717109312222584,0.009208558800613732
17.787123747359452,-22.240547599528526,15.5,0.14232277823967335,0.009896792358824494
18.272847626951304,-22.170947456805955,15.5,0.13713860080129636,0.01054255157860361
18.760750227577756,-22.10361453665479,15.5,0.13164095622219824,0.011139375063734386
19.251212584227527,-22.038674043615725,15.5,0.1258436333502841,0.011681369164498882
19.744606561315646,-21.97625369533979,15.5,0.11977840639411305,0.011895723871452537
20.241347186710772,-21.916468711943363,15.5,0.1140131799368813,0.011598364720740004
20.74330756909603,-21.85898933821782,15.5,0.108334027478306,0.012467824135658214
21.25170583730918,-21.803696024560473,15.5,0.10006505085851056,0.01508346803151186
21.761671416128248,-21.75249528755617,15.5,0.09131105329015779,0.017255571632470146
22.273261754834085,-21.70565117159158,15.5,0.08165681851085406,0.019391877054396236
22.785668134857893,-21.6637164507424,15.5,0.06972593864445228,0.02364605487184959
23.295458178613366,-21.628113145112998,15.5,0.05439434288876218,0.03025574860092667
23.797609482409783,-21.600771984421932,15.5,0.034987653944458325,0.03743571035268681
24.287041342295073,-21.583640921058286,15.5,0.014525305800039082,0.04217966149326124
24.766516452530237,-21.576675908615147,15.5,-0.006582914885039184,0.044531645763755276
25.239035425460855,-21.57978650572798,15.5,-0.02839237237035681,0.046419511534200375
25.70629132992095,-21.593056575337595,15.5,-0.050694652462747375,0.04789046096785767
26.169870644136626,-21.616577720385276,15.5,-0.07326855928051035,0.04872025317147856
26.631249620842862,-21.65044291429069,15.5,-0.09587952956664131,0.048875070142929466
27.091883915894545,-21.694744149112662,15.5,-0.11829134256339333,0.048347181496223794
27.553242108708094,-21.7495748136389,15.5,-0.14027869312051394,0.047146217769337084
28.01688942748008,-21.815044658993042,15.5,-0.1616137329371961,0.04582681105003668
28.4844007506207,-21.891265673033768,15.5,-0.1828304768128384,0.04400749935125168
28.96061028918522,-21.97931455277139,15.5,-0.2028516566771908,0.038851456314938956
29.448931390295595,-22.079752727811577,15.5,-0.21825469799785552,0.030671880224607723
29.944646214482347,-22.18969610795842,15.5,-0.229858548315889,0.023055458492373275
30.443279284626694,-22.306373334747036,15.5,-0.2386644893209922,0.01766721059050378
30.94157497666265,-22.427609511219917,15.5,-0.2458177472935168,0.014285622429292101
31.438280389578463,-22.552228783714888,15.5,-0.2520158528486178,0.012129301767970281
31.933537066193367,-22.679752581589167,15.5,-0.25728678681849226,0.0103150169136903
32.42756021776958,-22.809739167545708,15.5,-0.2616271532364184,0.008500767936238258
32.9205719739312,-22.94175026347626,15.5,-0.2650303892397806,0.006670883871064766
33.41279152901805,-23.07534612363345,15.5,-0.26749155615354814,0.004831477669142682
33.90443582874053,-23.210085877955215,15.5,-0.2690153275945211,0.00297402344197578
34.395739424612195,-23.345537459298903,15.5,-0.269566489022673,0.0011521402859276547
34.886857859825255,-23.481229296681946,15.5,-0.26928607658529424,0.0019108227573522017
35.37828112063303,-23.6168570457436,15.5,-0.2653513744426764,0.009154085869630893
35.86395090499149,-23.748842590120706,15.5,-0.25436251954683736,0.016616644046055867
36.33129422956483,-23.87034909090552,15.5,-0.2473817616495278,0.016565276872030806
36.792916451204825,-23.986934013528437,15.5,-0.24114558424779972,0.013855188781500587
37.2522026690629,-24.099886839267068,15.5,-0.23437361716845598,0.014212465401662351
37.70890318054646,-24.20892934461097,15.5,-0.22736532452281583,0.015018683125685163
38.16368187323744,-24.314149650110615,15.5,-0.22004908307942989,0.015705232857132666
38.61688526281111,-24.415518087148225,15.5,-0.21245637935789807,0.016390895088474182
39.06893388112764,-24.513030293230727,15.5,-0.20459247999641178,0.017035979669931475
39.52019325031684,-24.60666467895341,15.5,-0.19647194838340054,0.01764511954811728
39.971019335390686,-24.69639693215591,15.5,-0.18810992656638068,0.01820901134007046
40.421752829380495,-24.782198815180884,15.5,-0.17952501256996808,0.01872242899135756
40.87274168116988,-24.864043755967728,15.5,-0.17073350888398697,0.019185077680286537
41.324283755884494,-24.941895046170206,15.5,-0.16175406978675796,0.019592343378915338
41.77671422316362,-25.01572252485462,15.5,-0.1526082308962265,0.019943785516115888
42.230300039151054,-25.085485875748617,15.5,-0.14331075787156544,0.02024023082645581
42.68536490905014,-25.151151731727232,15.5,-0.13388540077619293,0.02047207784145407
43.14220563820276,-25.212684138249248,15.5,-0.12435627472468543,0.02064466674327091
43.6010868481408,-25.270044886120093,15.5,-0.11473504284968296,0.020762386557193955
44.06231851065464,-25.323197762757136,15.5,-0.10504746167378225,0.02081849668334564
44.52618845087489,-25.372106155880637,15.5,-0.09531384411625693,0.02081731838567995
44.992983988370234,-25.41673345720633,15.5,-0.08554824796205716,0.020763246913333182
45.4630160591625,-25.45704225871687,15.5,-0.07577331875513653,0.020652901968138307
45.93659091319234,-25.49299543297039,15.5,-0.06600776546778214,0.020493033642145594
46.414020633565535,-25.52455535108465,15.5,-0.056260920183278176,0.020283696511561124
46.89564897974217,-25.55168083108193,15.5,-0.04656350948487012,0.020026658013714605
47.381796318816036,-25.57433393153478,15.5,-0.03691393016854298,0.019727922938103937
47.87283397778756,-25.592468298997392,15.5,-0.02734377713361971,0.019415619006868404
48.36911138695781,-25.6060417809222,15.5,-0.017801184347098053,0.018998681587817094
48.87112871982495,-25.61497922806915,15.5,-0.008528485749009896,0.018860960983176515
49.37896030354123,-25.619310367502855,15.5,0.0014154953027116126,0.018974071616949105
49.89444862874377,-25.6185806957126,15.5,0.011019884358356638,0.016331312292201763
50.41785954775702,-25.612812534420243,15.5,0.016037205593284025,0.010799325693449794
50.94220330231194,-25.60440280484291,15.5,0.019238404063899737,0.005738816488103359
51.4646767055884,-25.594350010133404,15.5,0.019863454112549514,0.0023534015580290264
51.98116876106889,-25.584089344382527,15.5,0.020281336431415484,0.0010966641248021077
52.49161108120243,-25.573735472291734,15.5,0.021072540344192602,0.0013749334163272796
52.99696982562242,-25.5630847032167,15.5,0.02186771771303984,0.001637595613411895
53.4975001529218,-25.552137502283703,15.5,0.022779316552690766,0.0018089306626080986
53.99368783308925,-25.540832730641625,15.5,0.023766034637033154,0.001999405519294353
54.48592677717436,-25.529131959803546,15.5,0.024832126754233113,0.002173482788565145
54.97462255087925,-25.51699410943157,15.5,0.025975717074851863,0.00234441536867739
55.46017824163795,-25.504378614672646,15.5,0.02718876367807265,0.0025060971878273484
55.942976958353086,-25.49124867895783,15.5,0.02847074793518117,0.002661013082506644
56.42340591620048,-25.477566810232787,15.5,0.029818053240532907,0.0028085560320503453
56.90184632219268,-25.463296419138004,15.5,0.031225535403580574,0.002949564803990532
57.3786664410872,-25.448402614664086,15.5,0.03269639080181474,0.003078665338716959
57.85426965272283,-25.432846562374902,15.5,0.03421000554468688,0.0032062897047838027
58.328920251579454,-25.416602425291327,15.5,0.03580248835598342,0.0033166035742850713
58.803351442409166,-25.39960934680646,15.5,0.03740242085479648,0.0033818742350703785
59.27664681095777,-25.381898694753442,15.5,0.03899122192606032,0.0032794537989316998
59.755953664137905,-25.363200458170937,15.5,0.04038831000384792,0.003604091842874799
60.25089484331892,-25.34319974405081,15.5,0.043002714253300794,0.005151838215737187
60.75190514160386,-25.321641651068393,15.5,0.04672894278651728,0.0070414987234812465
61.25163909667242,-25.29827259968935,15.5,0.050819120417458674,0.00827243424003312
61.75170909701992,-25.27283758233925,15.5,0.0554572733630111,0.009235371356788947
62.25169071695622,-25.245081504439383,15.5,0.060589641470662384,0.010256763610901566
62.75169553184582,-25.21474926527615,15.5,0.06623016171576733,0.01125702722764918
63.251694273929594,-25.181585763704003,15.5,0.07237305753705349,0.01225801517789264
63.75169460154564,-25.145335898547053,15.5,0.07901780405252785,0.0132522926984452
64.25169451652816,-25.105744568627276,15.5,0.08616193426635853,0.014240669962105991
64.75169453849132,-25.06255667276651,15.5,0.09380303067001701,0.015221420869025459
65.25169453287249,-25.01551710978658,15.5,0.10193809609462326,0.01619335845154038
65.75169453420324,-24.964370778509306,15.5,0.11056366558339695,0.0171549525588772
66.25169453423946,-24.908862577756505,15.5,0.11967570806761631,0.018104574920525866
66.75169453292347,-24.848737406350008,15.5,0.12926958091312205,0.019040431961164644
67.2516945377655,-24.783740163111627,15.5,0.13933998683221488,0.01996057151447489
67.75169452119164,-24.71361574686319,15.5,0.14988086511080595,0.020862932375098987
68.25169457672494,-24.63810905642652,15.5,0.1608855374381965,0.021745175385131182
68.75169439490904,-24.55696499062342,15.5,0.17234595822657753,0.022605280204149307
69.25169497157124,-24.469928448275628,15.5,0.18425503208071306,0.023439730947959776
69.75169322668515,-24.376744328203838,15.5,0.19659894391884586,0.024248600829400516
70.25169811377883,-24.277157529217487,15.5,0.2093798048144331,0.025017027086698954
70.75168634611398,-24.170912950013303,15.5,0.22254050619371232,0.02593277405335513
71.25174475584942,-24.05775548785147,15.5,0.23655864998588425,0.02818328550886388
71.75087091833642,-23.937429986958097,15.5,0.2534418297087427,0.03280274168130962
72.24407389520462,-23.809684795468264,15.5,0.27323973995489675,0.03858020997635781
72.7273196970036,-23.674255562404955,15.412561483036253,0.29517086134925036,0.04357013781923217
73.19923667609538,-23.530767851779178,15.15437464892502,0.31827717619245427,0.047205626665938215
73.6609351845807,-23.37864813274984,14.895545032004994,0.34244490989096266,0.050141300730185245
74.11344446092049,-23.21733305304608,14.635259176874436,0.36781210016796645,0.05308220224825366
74.55706330599041,-23.046385307842836,14.373035441407124,0.39430411381236635,0.05599937823955431
74.99211588148411,-22.8653620076611,14.108322560888494,0.4218858482838518,0.0587750967441907
75.41878005648064,-22.67385959836279,13.840593953971089,0.45051239254238123,0.061424095960599515
75.83713917612818,-22.47150465661082,13.569318225505041,0.4801392698768594,0.0639343417624438
76.24718570586079,-22.257957396147575,13.324998671025002,0.5107191430578623,0.06630036276334253
76.64884465816523,-22.032906581445147,13.106908203305313,0.5422099850015176,0.06852510944934745
77.04195457327775,-21.796082355957232,12.911313155384649,0.5745720818442586,0.07061702605660168
77.42628823521484,-21.547250125056905,12.735227374165994,0.6077699621635758,0.07258332296835389
77.8015516440924,-21.28621515708105,12.575924408612677,0.6417669436626908,0.07443383869040372
78.16743036031497,-21.01279623019514,12.486269893586169,0.6763014194744104,0.07550658304844428
78.52534818640402,-20.725544846554627,12.602494917618694,0.7106152828429392,0.0741203039337025
78.87901610468126,-20.421178561881735,12.749733909690852,0.7436513501319605,0.06984189175613933
79.23107174768914,-20.097355119730754,12.898930123226522,0.7748371914691657,0.06393380678530255
79.58211649203042,-19.7536479041325,13.050391874641994,0.8051893980648281,0.062129219429758055
79.9185760103657,-19.403599777664212,12.98807664295619,0.8373219387306778,0.06692040423223819
80.23392423746311,-19.0536770959624,12.694616814872143,0.8713004071265581,0.07292917372679161
80.53077907967595,-18.700877832398316,12.400649044875616,0.9063670611527433,0.0765528599698411
80.81137195896743,-18.342625354420555,12.33063763196928,0.9415376303004772,0.07742463796801755
81.07857412470157,-17.97557930650012,12.403871881640937,0.9762513524964306,0.07651308443486667
81.3326516490498,-17.59981296970887,12.496812398860467,1.0104319671568265,0.07537923973022767
81.57370109632706,-17.215644238309313,12.602706253003312,1.0440464728298204,0.0741178181006936
81.80182745468257,-16.823377572515117,12.722402223674147,1.0770628504492337,0.07272973576507795
82.01716686284917,-16.423262282315008,12.857749108851257,1.109443988948506,0.07120661797642201
82.21987159026366,-16.01551578351423,12.998635954057892,1.1411529669344398,0.06955973027344943
82.41010687413677,-15.600326634661684,13.13842102040944,1.1721590945822078,0.06777433858906579
82.5880860035076,-15.177761830807858,13.277282880243034,1.202408877401245,0.06582245915056884
82.75403154337346,-14.747861330266032,13.415393291293734,1.231850880589588,0.06374139192545993
82.90816911524831,-14.31065464280356,13.552912288603244,1.2604732298120565,0.061511249598345814
83.05077661227787,-13.865956467653287,13.69004999594969,1.288181629401273,0.05953364742516201
83.18211417654017,-13.41367244549285,13.826973962014529,1.3155226748859659,0.05754929823768998
83.30282467454087,-12.95112170242991,13.964581821602186,1.3419004989750558,0.05420373943025442
83.41350878203868,-12.476039707374744,14.10361608696783,1.3663403804055745,0.049036920050556675
83.51464075163015,-11.988311921646947,14.24418500545046,1.3880445929371334,0.042300677062927276
83.60662524259195,-11.490597547056257,14.385616098696177,1.405891881526928,0.03611425533406418
83.68984394537864,-10.990532213459327,14.525890350555404,1.4222263472283705,0.03265446301306356
83.76467787281697,-10.490548894807995,14.664443777724877,1.4379242121562097,0.031069971233256312
83.83150814994968,-9.9905454330672,14.801402328005171,1.4529295312205175,0.029780124757452363
83.89071590335152,-9.490546124600511,14.936848804814568,1.4672354586730496,0.02843749937389615
83.94268225969847,-8.990546007406497,15.070865905423316,1.4808276866473271,0.02705878013987451
83.98778834567194,-8.49054602296462,15.203527304735928,1.4936955822187623,0.025647376336300483
84.02641528795363,-7.9905460224713885,15.334900100053146,1.5058300302561252,0.02420898330634131
84.05894421322519,-7.490546021762898,15.465045011052402,1.5172235677707764,0.022748303689260264
84.08575624816835,-6.990546022140982,15.5,1.5278701696940251,0.021269621241212615
84.1072325194648,-6.490546022001576,15.5,1.5377650764389634,0.01977670295464733
84.12375415379623,-5.990546022033045,15.5,1.546904625635384,0.018272821926697436
84.13570227784435,-5.490546022083119,15.5,1.5552860897821523,0.016760773160938023
84.14345801829083,-4.990546021831821,15.5,1.5629075233788499,0.015242897809382157
84.14740250181741,-4.490546022814378,15.5,1.569767620588677,0.01372111167621384
84.14791685510576,-3.9905460191139652,15.5,1.5758655840468823,0.012196939733372408
84.14538220483762,-3.490546032758039,15.5,1.5812010045759308,0.010671549451099127
84.14017967769465,-2.990545983368426,15.5,1.58577376669827,0.009145788290339981
84.13269040035856,-2.490546159062861,15.5,1.5895838945916083,0.007620252179412454
84.12329549951066,-1.990545544702236,15.5,1.5926317434342263,0.006095140069685205
84.11237610182792,-1.490547655735451,15.5,1.5949168401299099,0.004570145167934515
84.10031333393117,-0.9905405344492442,15.5,1.596439675269378,0.003046402252501934
84.08748832233576,-0.4905200194905335,15.5,1.5972020456722273,0.0015241696140670406
84.07428219510034,0.009487489383579698,15.5,1.5972020456722273,0.0007630978131512814
