time,x_act,y_act,x_ref,y_ref,yaw_act,v_act,v_ref,steer_cmd_rad,steer_act_rad,lateral_error,heading_error,throttle,brake,curvature
0.0,-19.99998664855957,-24.0,-19.939110438595392,-23.719819006058742,1.5978966985130683e-06,0.0,15.5,-0.3490658503988659,0.0,0.12523158549427713,-0.28609111550275035,1.0,0.0,0.03256501203604301
0.05012106895446777,-19.99998664855957,-24.0,-19.939110438595392,-23.719819006058742,1.5978966985130683e-06,4.029906267533079e-05,15.5,-0.3490658503988659,-1.0,0.12523158549427713,-0.28609111550275035,1.0,0.0,0.03256501203604301
0.10001397132873535,-19.99998664855957,-24.0,-19.939110438595392,-23.719819006058742,1.5978966985130683e-06,2.5602454115869477e-05,15.5,-0.3490658503988659,-1.0,0.12523158549427713,-0.28609111550275035,1.0,0.0,0.03256501203604301
0.1499335765838623,-19.99998664855957,-24.0,-19.939110438595392,-23.719819006058742,1.5978966985130683e-06,2.594990837678779e-05,15.5,-0.3490658503988659,-1.0,0.12523158549427713,-0.28609111550275035,1.0,0.0,0.03256501203604301
0.19991469383239746,-19.99998664855957,-24.0,-19.939110438595392,-23.719819006058742,1.5978966985130683e-06,2.4718061467865482e-05,15.5,-0.3490658503988659,-1.0,0.12523158549427713,-0.28609111550275035,1.0,0.0,0.03256501203604301
0.2499849796295166,-19.99998664855957,-24.0,-19.939110438595392,-23.719819006058742,1.5978966985130683e-06,0.00013910372217651457,15.5,-0.3490658503988659,-1.0,0.12523158549427713,-0.28609111550275035,1.0,0.0,0.03256501203604301
0.3001260757446289,-19.99998664855957,-24.0,-19.939110438595392,-23.719819006058742,1.5978966985130683e-06,2.5829665901255794e-05,15.5,-0.3490658503988659,-1.0,0.12523158549427713,-0.28609111550275035,1.0,0.0,0.03256501203604301
0.34992170333862305,-19.99998664855957,-24.0,-19.939110438595392,-23.719819006058742,1.5978966985130683e-06,2.41584493778646e-05,15.5,-0.3490658503988659,-1.0,0.12523158549427713,-0.28609111550275035,1.0,0.0,0.03256501203604301
0.40015530586242676,-19.99998664855957,-24.0,-19.939110438595392,-23.719819006058742,1.5978966985130683e-06,8.404754771618173e-05,15.5,-0.3490658503988659,-1.0,0.12523158549427713,-0.28609111550275035,1.0,0.0,0.03256501203604301
0.44991445541381836,-19.99998664855957,-24.0,-19.939110438595392,-23.719819006058742,1.5978966985130683e-06,0.00010111400479217991,15.5,-0.3490658503988659,-1.0,0.12523158549427713,-0.28609111550275035,1.0,0.0,0.03256501203604301
0.5001742839813232,-19.99998664855957,-24.0,-19.939110438595392,-23.719819006058742,1.5978966985130683e-06,2.4274158931802958e-05,15.5,-0.3490658503988659,-1.0,0.12523158549427713,-0.28609111550275035,1.0,0.0,0.03256501203604301
0.5499193668365479,-19.99998664855957,-24.0,-19.939110438595392,-23.719819006058742,1.5978966985130683e-06,2.5864103008643724e-05,15.5,-0.3490658503988659,-1.0,0.12523158549427713,-0.28609111550275035,1.0,0.0,0.03256501203604301
0.6001420021057129,-19.99998664855957,-24.0,-19.939110438595392,-23.719819006058742,1.5978966985130683e-06,7.017720054136589e-05,15.5,-0.3490658503988659,-1.0,0.12523158549427713,-0.28609111550275035,1.0,0.0,0.03256501203604301
0.6502323150634766,-19.99998664855957,-24.0,-19.939110438595392,-23.719819006058742,1.5978966985130683e-06,7.22832337487489e-05,15.5,-0.3490658503988659,-1.0,0.12523158549427713,-0.28609111550275035,1.0,0.0,0.03256501203604301
0.6999373435974121,-19.99998664855957,-24.0,-19.939110438595392,-23.719819006058742,1.5978966985130683e-06,2.6122839699382894e-05,15.5,-0.3490658503988659,-1.0,0.12523158549427713,-0.28609111550275035,1.0,0.0,0.03256501203604301
0.7501845359802246,-19.99998664855957,-24.0,-19.939110438595392,-23.719819006058742,1.5978966985130683e-06,2.5991083020926453e-05,15.5,-0.3490658503988659,-1.0,0.12523158549427713,-0.28609111550275035,1.0,0.0,0.03256501203604301
0.7999799251556396,-19.99998664855957,-24.0,-19.939110438595392,-23.719819006058742,1.5978966985130683e-06,2.64683931163745e-05,15.5,-0.3490658503988659,-1.0,0.12523158549427713,-0.28609111550275035,1.0,0.0,0.03256501203604301
0.8500261306762695,-19.99998664855957,-24.0,-19.939110438595392,-23.719819006058742,1.5978966985130683e-06,2.3984615836525336e-05,15.5,-0.3490658503988659,-1.0,0.12523158549427713,-0.28609111550275035,1.0,0.0,0.03256501203604301
0.9000935554504395,-19.99998664855957,-24.0,-19.939110438595392,-23.719819006058742,1.5978966985130683e-06,2.6318808522773907e-05,15.5,-0.3490658503988659,-1.0,0.12523158549427713,-0.28609111550275035,1.0,0.0,0.03256501203604301
0.9499740600585938,-19.99998664855957,-24.0,-19.939110438595392,-23.719819006058742,1.5978966985130683e-06,2.412333560641855e-05,15.5,-0.3490658503988659,-1.0,0.12523158549427713,-0.28609111550275035,1.0,0.0,0.03256501203604301
1.000128984451294,-19.992902755737305,-23.999269485473633,-19.939110438595392,-23.719819006058742,6.338323146337643e-05,0.35417640209198,15.5,-0.13716545288896487,-1.0,0.12446685923475125,-0.2861529008375152,1.0,0.0,0.03256501203604301
1.0500237941741943,-19.960779190063477,-23.994901657104492,-19.939110438595392,-23.719819006058742,0.0021283975802361965,0.8573943972587585,15.5,0.07055373571475165,-0.3929500877857208,0.11902332327073005,-0.28821791518628803,1.0,0.0,0.03256501203604301
1.1000795364379883,-19.9075927734375,-23.988615036010742,-19.939110438595392,-23.719819006058742,0.005354550667107105,1.333364486694336,15.5,0.14215261127806067,0.2021215707063675,0.11133681700182456,-0.29144406827315894,1.0,0.0,0.03256501203604301
1.149979829788208,-19.824710845947266,-23.981176376342773,-19.939110438595392,-23.719819006058742,0.007681088987737894,1.8513191938400269,15.5,0.1811180593101943,0.4072372317314148,0.10344310192637277,-0.29377060659378973,1.0,0.0,0.03256501203604301
1.2002172470092773,-19.740795135498047,-23.976207733154297,-19.439004282708805,-23.874767518113693,0.007734351325780153,2.2641642093658447,15.5,0.2836394959652482,0.5188650488853455,-0.051835830221567604,-0.27950918916897294,1.0,0.0,0.028107756046418162
1.2498729228973389,-19.59140968322754,-23.97343635559082,-19.439004282708805,-23.874767518113693,0.007680556271225214,2.8385162353515625,15.5,0.2779694862039388,0.8125672936439514,-0.05341666237100027,-0.279455394114418,1.0,0.0,0.028107756046418162
1.3001341819763184,-19.470346450805664,-23.974443435668945,-19.439004282708805,-23.874767518113693,0.007424360141158104,3.24560546875,15.5,0.27346875973339096,0.7963238954544067,-0.05134375881861676,-0.2791991979843509,1.0,0.0,0.028107756046418162
1.3499181270599365,-19.253896713256836,-23.98050880432129,-19.439004282708805,-23.874767518113693,0.003536144969984889,3.843045473098755,15.5,0.2627112453652605,0.783430278301239,-0.042448145083427806,-0.2753109828131777,1.0,0.0,0.028107756046418162
1.4001004695892334,-19.098039627075195,-23.98760223388672,-18.93901544119328,-24.021843744331303,-0.003400482703000307,4.22165584564209,15.5,0.2854870067634499,0.752612292766571,-0.17133393115076728,-0.2541919569876665,1.0,0.0,0.027478544942285164
1.450474500656128,-18.823232650756836,-24.00602912902832,-18.93901544119328,-24.021843744331303,-0.023701738566160202,4.784048557281494,15.5,0.2505973019526306,0.8178600072860718,-0.1459997327047715,-0.2338907011245066,1.0,0.0,0.027478544942285164
1.500117540359497,-18.607709884643555,-24.026702880859375,-18.439017290321228,-24.161178158328404,-0.046146880835294724,5.132334232330322,15.5,0.23670126934284214,0.7179083824157715,-0.23506776140153404,-0.19740522828568308,1.0,0.0,0.027369025788512382
1.5499753952026367,-18.281780242919922,-24.06906509399414,-18.439017290321228,-24.161178158328404,-0.08818838745355606,5.559728145599365,15.5,0.17842005817069392,0.6780992150306702,-0.19277760087296142,-0.15536372166742174,1.0,0.0,0.027369025788512382
1.5999255180358887,-18.057281494140625,-24.104516983032227,-17.939015566617492,-24.292901237194634,-0.11784624308347702,5.819072246551514,15.5,0.14417777879206933,0.5111358165740967,-0.23776645018783915,-0.11181261446676016,1.0,0.0,0.027198017167481933
1.6501266956329346,-17.77283477783203,-24.155231475830078,-17.939015566617492,-24.292901237194634,-0.15150186419487,6.114334583282471,15.5,0.10063283919497824,0.4130389094352722,-0.20853105057252797,-0.07815699335536719,1.0,0.0,0.027198017167481933
1.6999168395996094,-17.457515716552734,-24.21793556213379,-17.43901633943652,-24.41714345801604,-0.1819804459810257,6.411310195922852,15.5,0.056284752024404056,0.2882918417453766,-0.21704318462089894,-0.03394397560974172,1.0,0.0,0.02700345133417582
1.7499182224273682,-17.09468650817871,-24.296632766723633,-16.93901605381019,-24.5340352978593,-0.20720605552196503,6.721049785614014,15.5,0.01275707350224222,0.16124393045902252,-0.20476159356276827,0.004849112956275992,1.0,0.0,0.026782874406509092
1.8003613948822021,-16.7556209564209,-24.37310218811035,-16.93901605381019,-24.5340352978593,-0.21991066634655,6.98810338973999,15.5,-0.0036979428166620046,0.03654632344841957,-0.19502310280594276,0.017553723780860953,1.0,0.0,0.026782874406509092
1.849989891052246,-16.400293350219727,-24.45371437072754,-16.43901615013459,-24.643707233787367,-0.22264719009399414,7.247457027435303,15.5,-0.023377808752504108,-0.010593825951218605,-0.1834978804685044,0.033681849657985374,1.0,0.0,0.026536288732819414
1.9003326892852783,-16.135467529296875,-24.51341438293457,-15.939016119352143,-24.746289742861723,-0.22264039516448975,7.429049015045166,15.5,-0.040564166595534266,-0.06697248667478561,-0.16661047563104756,0.0468826336745245,1.0,0.0,0.026265242691188455
1.9501221179962158,-16.135467529296875,-24.51341438293457,-15.939016119352143,-24.746289742861723,-0.22264039516448975,7.429049015045166,15.5,-0.040564166595534266,-0.06697248667478561,-0.16661047563104756,0.0468826336745245,1.0,0.0,0.026265242691188455
2.000140905380249,-16.135467529296875,-24.51341438293457,-15.939016119352143,-24.746289742861723,-0.22264039516448975,7.429049015045166,15.5,-0.040564166595534266,-0.06697248667478561,-0.16661047563104756,0.0468826336745245,1.0,0.0,0.026265242691188455
2.050100088119507,-16.135467529296875,-24.51341438293457,-15.939016119352143,-24.746289742861723,-0.22264039516448975,7.429049015045166,15.5,-0.040564166595534266,-0.06697248667478561,-0.16661047563104756,0.0468826336745245,1.0,0.0,0.026265242691188455
2.100146532058716,-14.501474380493164,-24.86931800842285,-14.439016126833206,-25.012805479559635,-0.22249753773212433,8.391348838806152,15.5,-0.09526343173471258,-0.1162077784538269,-0.08950256428327857,0.08518208771322477,1.0,0.0,0.025314247722640345
2.150059223175049,-14.081754684448242,-24.95783233642578,-13.939016126588422,-25.088335051810525,-0.2219877541065216,8.60263729095459,15.5,-0.11342606325014173,-0.27290964126586914,-0.05318639707542844,0.09706966586423427,1.0,0.0,0.024955008730833946
2.1999154090881348,-13.647886276245117,-25.044837951660156,-13.439016126658723,-25.157427582497736,-0.21686173975467682,8.80409049987793,15.5,-0.12610110267086388,-0.3249417245388031,-0.01874315544954841,0.10412207240976912,1.0,0.0,0.02457656188455653
2.250274419784546,-13.214386940002441,-25.125438690185547,-13.439016126658723,-25.157427582497736,-0.20448805391788483,8.992992401123047,15.5,-0.11080088505579258,-0.3612530529499054,-0.036881807175822956,0.09174838657297713,1.0,0.0,0.02457656188455653
2.3000385761260986,-12.756939888000488,-25.203752517700195,-12.939016126638744,-25.220213548675947,-0.185984805226326,9.186775207519531,15.5,-0.10782678122026375,-0.31742116808891296,-0.013022078416127118,0.08519891502645516,1.0,0.0,0.02418009057130627
2.3501956462860107,-12.311352729797363,-25.273588180541992,-12.439016126644379,-25.276823427398778,-0.1660938560962677,9.367202758789062,15.5,-0.10268716314458431,-0.30890098214149475,0.008499737949471599,0.07703181712498663,1.0,0.0,0.023766786739424946
2.4001879692077637,-12.069228172302246,-25.308536529541016,-11.939016126642791,-25.327387695718798,-0.15495921671390533,9.461727142333984,15.5,-0.1066727578385862,-0.2941770553588867,0.034527374619040666,0.07738623504360564,1.0,0.0,0.023337843434745396
2.450131416320801,-12.069228172302246,-25.308536529541016,-11.939016126642791,-25.327387695718798,-0.15495921671390533,9.461727142333984,15.5,-0.1066727578385862,-0.2941770553588867,0.034527374619040666,0.07738623504360564,1.0,0.0,0.023337843434745396
2.499911069869995,-10.869406700134277,-25.44756317138672,-10.93901612664312,-25.41090130935563,-0.0996650829911232,9.89470386505127,15.5,-0.0742405058921149,-0.30559495091438293,0.046258368430102025,0.044348379595230636,1.0,0.0,0.022437767135803432
2.5501272678375244,-10.38264274597168,-25.487661361694336,-10.43901612664314,-25.444111608772552,-0.07865721732378006,10.059006690979004,15.5,-0.06405222135921862,-0.21268337965011597,0.05067257346806445,0.03409998383129942,1.0,0.0,0.021968955353980992
2.6002209186553955,-9.865103721618652,-25.522029876708984,-9.93901612664314,-25.471798205986936,-0.06041669845581055,10.230504035949707,15.5,-0.056133177331084916,-0.18349610269069672,0.05361447192814232,0.026368613654941253,1.0,0.0,0.021489133684430433
2.6501052379608154,-9.440402030944824,-25.54447364807129,-9.43901612664314,-25.494091578046447,-0.04854073002934456,10.359552383422852,15.5,-0.05449356363345315,-0.1608097106218338,0.057640243954610884,0.024748514617161543,1.0,0.0,0.020999391908745144
2.700181245803833,-9.11943244934082,-25.558115005493164,-8.93901612664314,-25.51112220199783,-0.04114961996674538,10.4563570022583,15.5,-0.05728623202550489,-0.15611256659030914,0.06305571429553215,0.027357376837332303,1.0,0.0,0.02050078235383383
2.75010085105896,-9.11943244934082,-25.558115005493164,-8.93901612664314,-25.51112220199783,-0.04114961996674538,10.4563570022583,15.5,-0.05728623202550489,-0.15611256659030914,0.06305571429553215,0.027357376837332303,1.0,0.0,0.02050078235383383
2.8002102375030518,-9.11943244934082,-25.558115005493164,-8.93901612664314,-25.51112220199783,-0.04114961996674538,10.4563570022583,15.5,-0.05728623202550489,-0.15611256659030914,0.06305571429553215,0.027357376837332303,1.0,0.0,0.02050078235383383
2.850224494934082,-9.11943244934082,-25.558115005493164,-8.93901612664314,-25.51112220199783,-0.04114961996674538,10.4563570022583,15.5,-0.05728623202550489,-0.15611256659030914,0.06305571429553215,0.027357376837332303,1.0,0.0,0.02050078235383383
2.8999485969543457,-6.635138988494873,-25.59326934814453,-6.439016126643139,-25.52190079670717,-0.005115772131830454,11.12916374206543,15.5,-0.06731891110029181,-0.16411297023296356,0.08673450022410652,0.03741504658296613,1.0,0.0,0.017908478437178934
2.949930191040039,-6.07568359375,-25.58755111694336,-5.939016126643139,-25.510094949942584,0.0019196061184629798,11.264089584350586,15.5,-0.06877453073668606,-0.19285447895526886,0.09238910008179965,0.038806237717071035,1.0,0.0,0.01737624103970222
2.999927282333374,-5.508666038513184,-25.576778411865234,-5.439016126643139,-25.493939694373122,0.010361826978623867,11.396235466003418,15.5,-0.06844672825953224,-0.19702452421188354,0.09730485582126402,0.03852447589639452,1.0,0.0,0.01684119743323394
3.050307273864746,-5.054766654968262,-25.564664840698242,-4.939016126643139,-25.473565507038938,0.017798438668251038,11.50007438659668,15.5,-0.06918214881326268,-0.19608543813228607,0.10458485269056968,0.038981702600068946,1.0,0.0,0.01630400814709661
3.1001176834106445,-4.613855361938477,-25.549823760986328,-4.439016126643139,-25.449102864979455,0.025435317307710648,11.595926284790039,15.5,-0.06945309079480111,-0.19819225370883942,0.11193684426996503,0.03897171628776119,1.0,0.0,0.015765281325866274
3.1501924991607666,-4.613855361938477,-25.549823760986328,-4.439016126643139,-25.449102864979455,0.025435317307710648,11.595926284790039,15.5,-0.06945309079480111,-0.19819225370883942,0.11193684426996503,0.03897171628776119,1.0,0.0,0.015765281325866274
3.2001230716705322,-4.613855361938477,-25.549823760986328,-4.439016126643139,-25.449102864979455,0.025435317307710648,11.595926284790039,15.5,-0.06945309079480111,-0.19819225370883942,0.11193684426996503,0.03897171628776119,1.0,0.0,0.015765281325866274
3.2501375675201416,-4.613855361938477,-25.549823760986328,-4.439016126643139,-25.449102864979455,0.025435317307710648,11.595926284790039,15.5,-0.06945309079480111,-0.19819225370883942,0.11193684426996503,0.03897171628776119,1.0,0.0,0.015765281325866274
3.2999155521392822,-2.005838394165039,-25.394962310791016,-1.9390161266431392,-25.270029530134472,0.07522421330213547,12.124503135681152,15.5,-0.05239616302038906,-0.19896845519542694,0.12810346032781952,0.023312565214615777,1.0,0.0,0.01306630829203215
3.3499536514282227,-1.3956971168518066,-25.341552734375,-1.4390161266431392,-25.223776177513244,0.08651868999004364,12.239263534545898,15.5,-0.04631209650772697,-0.15010395646095276,0.12711744422456994,0.018044766924989908,1.0,0.0,0.012528310358798008
3.400083065032959,-0.7663167119026184,-25.281057357788086,-0.9390161266431392,-25.174347709424183,0.09558889269828796,12.354744911193848,15.5,-0.04232304870685957,-0.13267438113689423,0.1272173860041724,0.014735845515072121,1.0,0.0,0.011991652654917103
3.4500880241394043,-0.2927865982055664,-25.232257843017578,-0.43901612664313916,-25.121874602901677,0.10070378333330154,12.439318656921387,15.5,-0.04231082911243863,-0.12124660611152649,0.1293648178851735,0.015117430505283913,1.0,0.0,0.01145656793506363
3.5003974437713623,0.17266057431697845,-25.18182373046875,0.060983873356860854,-25.06648733497957,0.10444658249616623,12.520523071289062,15.5,-0.043477496142076286,-0.12121159583330154,0.13207646631141728,0.016606945700693654,1.0,0.0,0.010923250009687167
3.5501298904418945,0.17266057431697845,-25.18182373046875,0.060983873356860854,-25.06648733497957,0.10444658249616623,12.520523071289062,15.5,-0.043477496142076286,-0.12121159583330154,0.13207646631141728,0.016606945700693654,1.0,0.0,0.010923250009687167
3.6001265048980713,0.17266057431697845,-25.18182373046875,0.060983873356860854,-25.06648733497957,0.10444658249616623,12.520523071289062,15.5,-0.043477496142076286,-0.12121159583330154,0.13207646631141728,0.016606945700693654,1.0,0.0,0.010923250009687167
3.650127649307251,0.17266057431697845,-25.18182373046875,0.060983873356860854,-25.06648733497957,0.10444658249616623,12.520523071289062,15.5,-0.043477496142076286,-0.12121159583330154,0.13207646631141728,0.016606945700693654,1.0,0.0,0.010923250009687167
3.700080156326294,2.9898715019226074,-24.84107780456543,3.060983873348757,-24.680273051888538,0.1132584810256958,12.974308967590332,15.5,-0.060772842832482875,-0.1245538517832756,0.16690026599318344,0.033681531597612224,1.0,0.0,0.00776690922240159
3.750030994415283,3.518871784210205,-24.77281951904297,3.5609838733838792,-24.60814001107626,0.11416766792535782,13.052387237548828,15.5,-0.06358896966237862,-0.17410136759281158,0.17537174719705545,0.03617575928965966,1.0,0.0,0.007248545174745409
3.80025315284729,4.326505184173584,-24.665014266967773,4.06098387326834,-24.53413662511829,0.11850864440202713,13.166949272155762,15.5,-0.06192712594755639,-0.18216897547245026,0.1774489163866643,0.03497984784220254,1.0,0.0,0.006732342067788299
3.850196361541748,4.833853721618652,-24.595157623291016,4.5609838736402555,-24.458393371044544,0.12269993871450424,13.237298965454102,15.5,-0.06080761229065994,-0.1774081438779831,0.18470814484598103,0.033675944690795045,1.0,0.0,0.00621823364171678
3.900120258331299,5.216951370239258,-24.541227340698242,5.06098387247824,-24.3810407258846,0.12638041377067566,13.289525032043457,15.5,-0.060164985433280825,-0.17420098185539246,0.1937485913469503,0.032625838443548716,1.0,0.0,0.005706137300449646
3.9502077102661133,5.216951370239258,-24.541227340698242,5.06098387247824,-24.3810407258846,0.12638041377067566,13.289525032043457,15.5,-0.060164985433280825,-0.17420098185539246,0.1937485913469503,0.032625838443548716,1.0,0.0,0.005706137300449646
4.000151872634888,5.216951370239258,-24.541227340698242,5.06098387247824,-24.3810407258846,0.12638041377067566,13.289525032043457,15.5,-0.060164985433280825,-0.17420098185539246,0.1937485913469503,0.032625838443548716,1.0,0.0,0.005706137300449646
4.05011510848999,5.216951370239258,-24.541227340698242,5.06098387247824,-24.3810407258846,0.12638041377067566,13.289525032043457,15.5,-0.060164985433280825,-0.17420098185539246,0.1937485913469503,0.032625838443548716,1.0,0.0,0.005706137300449646
4.0999596118927,8.265250205993652,-24.06529998779297,8.06098456719837,-23.890434355731852,0.16257499158382416,13.676294326782227,15.5,-0.03226548365329346,-0.17235998809337616,0.20853782509801166,0.006836710840441462,1.0,0.0,0.0026652208869324136
4.149930953979492,8.941924095153809,-23.94684600830078,9.061008386143541,-23.719938729297546,0.1699967235326767,13.75734806060791,15.5,-0.026492558582803805,-0.09243380278348923,0.2036640712505557,0.0020845545104246632,1.0,0.0,0.0023126047346755945
4.200100660324097,9.491617202758789,-23.848834991455078,9.560788495489561,-23.633973039159784,0.17301835119724274,13.822065353393555,15.5,-0.025937367175025566,-0.07589559257030487,0.19927358624308145,0.001165664204556549,1.0,0.0,0.0032304515820947696
4.2500011920928955,10.19013786315918,-23.72234344482422,10.057166214231923,-23.547702494285282,0.17358079552650452,13.900359153747559,15.5,-0.025753243285229144,-0.07430507987737656,0.19528304142263353,0.001400247097954388,1.0,0.0,0.0033562225084131704
4.30030083656311,10.53353500366211,-23.65955352783203,10.548427705894731,-23.461256563021692,0.17360958456993103,13.941582679748535,15.5,-0.024813880565793908,-0.07377760857343674,0.19342526110280325,0.0019603149749598536,1.0,0.0,0.0021444244898361645
4.350086688995361,10.53353500366211,-23.65955352783203,10.548427705894731,-23.461256563021692,0.17360958456993103,13.941582679748535,15.5,-0.024813880565793908,-0.07377760857343674,0.19342526110280325,0.0019603149749598536,1.0,0.0,0.0021444244898361645
4.400284051895142,10.53353500366211,-23.65955352783203,10.548427705894731,-23.461256563021692,0.17360958456993103,13.941582679748535,15.5,-0.024813880565793908,-0.07377760857343674,0.19342526110280325,0.0019603149749598536,1.0,0.0,0.0021444244898361645
4.4501793384552,10.53353500366211,-23.65955352783203,10.548427705894731,-23.461256563021692,0.17360958456993103,13.941582679748535,15.5,-0.024813880565793908,-0.07377760857343674,0.19342526110280325,0.0019603149749598536,1.0,0.0,0.0021444244898361645
4.50014066696167,13.648698806762695,-23.082660675048828,13.458993415768107,-22.94632282146676,0.17374436557292938,14.26581859588623,15.5,-0.011434599962943815,-0.07108653336763382,0.1664820169236781,-0.0030202431126382656,1.0,0.0,-0.002860756558156578
4.549957275390625,14.478926658630371,-22.92869758605957,14.419767967210639,-22.7797942561585,0.17377683520317078,14.34487533569336,15.5,-0.003572997392837559,-0.0327577143907547,0.15433557204960502,-0.007841208255237042,1.0,0.0,-0.004507460936960639
4.600143671035767,15.056479454040527,-22.822832107543945,14.899516764955441,-22.698168448648122,0.17378267645835876,14.401106834411621,15.5,0.0011739836909912434,-0.010235883295536041,0.14610973025619833,-0.010835418973361932,1.0,0.0,-0.005328557290321588
4.650282382965088,15.897456169128418,-22.670801162719727,15.859113698491306,-22.538933030736324,0.17378266155719757,14.475484848022461,15.5,0.011738495499732262,0.003363215597346425,0.1295952419495128,-0.01797549266291032,1.0,0.0,-0.0069396925196011875
4.700133323669434,16.059429168701172,-22.641780853271484,15.859113698491306,-22.538933030736324,0.173781618475914,14.490534782409668,15.5,0.01181043819290554,0.03362831100821495,0.1290189957621343,-0.01797444958162675,1.0,0.0,-0.0069396925196011875
4.750223398208618,16.059429168701172,-22.641780853271484,15.859113698491306,-22.538933030736324,0.173781618475914,14.490534782409668,15.5,0.01181043819290554,0.03362831100821495,0.1290189957621343,-0.01797444958162675,1.0,0.0,-0.0069396925196011875
4.800144910812378,16.059429168701172,-22.641780853271484,15.859113698491306,-22.538933030736324,0.173781618475914,14.490534782409668,15.5,0.01181043819290554,0.03362831100821495,0.1290189957621343,-0.01797444958162675,1.0,0.0,-0.0069396925196011875
4.85012412071228,16.059429168701172,-22.641780853271484,15.859113698491306,-22.538933030736324,0.173781618475914,14.490534782409668,15.5,0.01181043819290554,0.03362831100821495,0.1290189957621343,-0.01797444958162675,1.0,0.0,-0.0069396925196011875
4.9001007080078125,19.375133514404297,-22.06426429748535,19.251212584227527,-22.038674043615725,0.17371134459972382,14.742576599121094,15.5,0.06356082526454039,0.033834412693977356,0.022826690783637915,-0.053932938205610625,0.7069914545498787,0.0,-0.011666988454518568
4.95006799697876,20.116485595703125,-21.937397003173828,20.241347186710772,-21.916468711943363,0.17368417978286743,14.782977104187012,15.5,0.08031688737190777,0.18208834528923035,-0.031094519949328367,-0.06535015230456143,0.7089374754017161,0.0,-0.011567347422585396
4.999910593032837,20.99847412109375,-21.792142868041992,21.25170583730918,-21.803696024560473,0.1714513599872589,14.748455047607422,15.5,0.10482657321771927,0.23009093105793,-0.0911448064636312,-0.08014030669710115,0.7584711468671664,0.0,-0.015132218037661108
5.049974679946899,21.570131301879883,-21.703170776367188,21.761671416128248,-21.75249528755617,0.16590076684951782,14.677339553833008,15.5,0.11393676536735804,0.3003060221672058,-0.11856186293195103,-0.08424394833866389,0.8368653697221862,0.0,-0.017263345068719613
5.100169897079468,21.95223045349121,-21.646549224853516,21.761671416128248,-21.75249528755617,0.15982341766357422,14.626890182495117,15.5,0.10697154618081887,0.32640478014945984,-0.1094388821211024,-0.07816659915272028,0.8831604484807777,0.0,-0.017263345068719613
5.150174140930176,21.95223045349121,-21.646549224853516,21.761671416128248,-21.75249528755617,0.15982341766357422,14.626890182495117,15.5,0.10697154618081887,0.32640478014945984,-0.1094388821211024,-0.07816659915272028,0.8731098175048828,0.0,-0.017263345068719613
5.2001214027404785,21.95223045349121,-21.646549224853516,21.761671416128248,-21.75249528755617,0.15982341766357422,14.626890182495117,15.5,0.10697154618081887,0.32640478014945984,-0.1094388821211024,-0.07816659915272028,0.8731098175048828,0.0,-0.017263345068719613
5.2501060962677,21.95223045349121,-21.646549224853516,21.761671416128248,-21.75249528755617,0.15982341766357422,14.626890182495117,15.5,0.10697154618081887,0.32640478014945984,-0.1094388821211024,-0.07816659915272028,0.8731098175048828,0.0,-0.017263345068719613
5.300130844116211,25.14624786376953,-21.294633865356445,25.239035425460855,-21.57978650572798,0.06936044991016388,14.132198333740234,15.5,0.2027976137494079,0.30645090341567993,-0.3365188889807899,-0.12005510237291128,1.0,0.0,-0.046261297846000145
5.349910736083984,26.005266189575195,-21.246488571166992,26.169870644136626,-21.616577720385276,0.03591592609882355,14.194509506225586,15.5,0.22610499570912151,0.5809723734855652,-0.42617177126530403,-0.1317954556654648,1.0,0.0,-0.04854308389362227
5.400183916091919,26.55877113342285,-21.230392456054688,26.631249620842862,-21.65044291429069,0.013182648457586765,14.0935640335083,15.5,0.2310189232198494,0.6477431058883667,-0.47133898045727435,-0.13147399102098012,1.0,0.0,-0.04869531675900242
5.450153589248657,27.38797378540039,-21.232589721679688,27.553242108708094,-21.7495748136389,-0.02771478146314621,13.933541297912598,15.5,0.24222018752972632,0.6618204712867737,-0.5648032288847701,-0.13389895147405007,1.0,0.0,-0.04698081514592333
5.50010085105896,27.63751983642578,-21.239736557006836,27.553242108708094,-21.7495748136389,-0.04140947014093399,13.975846290588379,15.5,0.22774017060123652,0.6939097046852112,-0.5591099148344247,-0.12020426279626228,1.0,0.0,-0.04698081514592333
5.55023455619812,27.63751983642578,-21.239736557006836,27.553242108708094,-21.7495748136389,-0.04140947014093399,13.975846290588379,15.5,0.22774017060123652,0.6939097046852112,-0.5591099148344247,-0.12020426279626228,1.0,0.0,-0.04698081514592333
5.600187540054321,27.63751983642578,-21.239736557006836,27.553242108708094,-21.7495748136389,-0.04140947014093399,13.975846290588379,15.5,0.22774017060123652,0.6939097046852112,-0.5591099148344247,-0.12020426279626228,1.0,0.0,-0.04698081514592333
5.650174617767334,27.63751983642578,-21.239736557006836,27.553242108708094,-21.7495748136389,-0.04140947014093399,13.975846290588379,15.5,0.22774017060123652,0.6939097046852112,-0.5591099148344247,-0.12020426279626228,1.0,0.0,-0.04698081514592333
5.70002818107605,30.707616806030273,-21.6448917388916,30.443279284626694,-22.306373334747036,-0.302463561296463,13.981279373168945,15.5,0.03357767390905188,0.6524275541305542,-0.6774969522042409,0.05664581400294644,1.0,0.0,-0.017771686621905015
5.74994969367981,31.523420333862305,-21.87828826904297,31.438280389578463,-22.552228783714888,-0.3918348550796509,13.994781494140625,15.5,-0.0600652298460127,0.09619294852018356,-0.584103896201211,0.13454806826115862,1.0,0.0,-0.012122811467977782
5.800193786621094,32.05380630493164,-22.062965393066406,31.933537066193367,-22.679752581589167,-0.44784384965896606,14.028339385986328,15.5,-0.1214416514282665,-0.17207421362400055,-0.5112850303132326,0.18621669642254757,1.0,0.0,-0.010308638446177966
5.850050926208496,32.85212707519531,-22.38906478881836,32.9205719739312,-22.94175026347626,-0.5160229206085205,14.069286346435547,15.5,-0.20781941684962868,-0.3479047119617462,-0.3202738099927719,0.24853136445497226,1.0,0.0,-0.006666628916687166
5.900170564651489,32.98434829711914,-22.448102951049805,32.9205719739312,-22.94175026347626,-0.524341881275177,14.077291488647461,15.5,-0.21529048929974726,-0.5953587889671326,-0.32847803713596047,0.25685032512162875,1.0,0.0,-0.006666628916687166
5.950134515762329,32.98434829711914,-22.448102951049805,32.9205719739312,-22.94175026347626,-0.524341881275177,14.077291488647461,15.5,-0.21529048929974726,-0.5953587889671326,-0.32847803713596047,0.25685032512162875,1.0,0.0,-0.006666628916687166
6.000202417373657,32.98434829711914,-22.448102951049805,32.9205719739312,-22.94175026347626,-0.524341881275177,14.077291488647461,15.5,-0.21529048929974726,-0.5953587889671326,-0.32847803713596047,0.25685032512162875,1.0,0.0,-0.006666628916687166
6.050108432769775,32.98434829711914,-22.448102951049805,32.9205719739312,-22.94175026347626,-0.524341881275177,14.077291488647461,15.5,-0.21529048929974726,-0.5953587889671326,-0.32847803713596047,0.25685032512162875,1.0,0.0,-0.006666628916687166
6.099939346313477,36.021263122558594,-23.994659423828125,35.86395090499149,-23.748842590120706,-0.4953480064868927,14.40185546875,15.5,-0.2916594554635005,-0.6167618036270142,0.25673816851386233,0.24796624483736496,1.0,0.0,0.016759929071881657
6.150155544281006,36.537418365478516,-24.248973846435547,36.792916451204825,-23.986934013528437,-0.4558442234992981,14.500073432922363,15.5,-0.28163841822193036,-0.8355427980422974,0.4485263851895056,0.22147060633084203,0.9803675844461297,0.0,0.013802619829096486
6.199984073638916,37.1939811706543,-24.547380447387695,37.2522026690629,-24.099886839267068,-0.39226555824279785,14.499987602233887,15.5,-0.2317480156146018,-0.8068346381187439,0.5095900323196437,0.16490023371998186,1.0,0.0,0.014214447449887263
6.2500669956207275,37.9987907409668,-24.868410110473633,38.16368187323744,-24.314149650110615,-0.30673012137413025,14.487163543701172,15.5,-0.17383239184817934,-0.6639091372489929,0.6183830444020055,0.09427374201623229,1.0,0.0,0.015696106054522062
6.300109624862671,37.9987907409668,-24.868410110473633,38.16368187323744,-24.314149650110615,-0.30673012137413025,14.487163543701172,15.5,-0.17383239184817934,-0.6639091372489929,0.6183830444020055,0.09427374201623229,1.0,0.0,0.015696106054522062
6.350231409072876,37.9987907409668,-24.868410110473633,38.16368187323744,-24.314149650110615,-0.30673012137413025,14.487163543701172,15.5,-0.17383239184817934,-0.6639091372489929,0.6183830444020055,0.09427374201623229,1.0,0.0,0.015696106054522062
6.400327682495117,37.9987907409668,-24.868410110473633,38.16368187323744,-24.314149650110615,-0.30673012137413025,14.487163543701172,15.5,-0.17383239184817934,-0.6639091372489929,0.6183830444020055,0.09427374201623229,1.0,0.0,0.015696106054522062
6.450274705886841,37.9987907409668,-24.868410110473633,38.16368187323744,-24.314149650110615,-0.30673012137413025,14.487163543701172,15.5,-0.17383239184817934,-0.6639091372489929,0.6183830444020055,0.09427374201623229,1.0,0.0,0.015696106054522062
6.5000319480896,41.50272750854492,-25.61941909790039,41.77671422316362,-25.01572252485462,0.05045092850923538,14.413897514343262,15.5,0.12210366125647888,-0.4979931116104126,0.49656271703775917,-0.19376168638080093,1.0,0.0,0.01992811396826694
6.550257444381714,42.08050537109375,-25.638383865356445,42.230300039151054,-25.085485875748617,0.1033855751156807,14.382100105285645,15.5,0.17288254003243922,0.3498012125492096,0.42220813177497485,-0.23727097589187363,1.0,0.0,0.02022340522701216
6.600051164627075,42.958675384521484,-25.61372184753418,43.14220563820276,-25.212684138249248,0.17540881037712097,14.396162986755371,15.5,0.2456322732169736,0.4952719807624817,0.22629566703295262,-0.2901438532268039,1.0,0.0,0.020628442969926088
6.650292873382568,43.52472686767578,-25.56861686706543,43.6010868481408,-25.270044886120093,0.21130086481571198,14.434951782226562,15.5,0.28200137847075607,0.7036846280097961,0.1272105403419464,-0.3163483264894942,1.0,0.0,0.020745670861518566
6.700324058532715,43.52472686767578,-25.56861686706543,43.6010868481408,-25.270044886120093,0.21130086481571198,14.434951782226562,15.5,0.28200137847075607,0.7036846280097961,0.1272105403419464,-0.3163483264894942,1.0,0.0,0.020745670861518566
6.750330686569214,43.52472686767578,-25.56861686706543,43.6010868481408,-25.270044886120093,0.21130086481571198,14.434951782226562,15.5,0.28200137847075607,0.7036846280097961,0.1272105403419464,-0.3163483264894942,1.0,0.0,0.020745670861518566
6.800349235534668,43.52472686767578,-25.56861686706543,43.6010868481408,-25.270044886120093,0.21130086481571198,14.434951782226562,15.5,0.28200137847075607,0.7036846280097961,0.1272105403419464,-0.3163483264894942,1.0,0.0,0.020745670861518566
6.850244522094727,44.55854034423828,-25.437074661254883,44.52618845087489,-25.372106155880637,0.2453765720129013,14.527200698852539,15.5,0.31844727027948727,0.8078744411468506,-0.0858038580581626,-0.3309248199749586,0.9543108481134378,0.0,0.020801178259994748
6.900005578994751,47.28892135620117,-24.981550216674805,47.381796318816036,-25.57433393153478,0.16300536692142487,14.747701644897461,15.5,0.24054130688718667,0.912284255027771,-0.6975797081551096,-0.19034914405504466,0.7079864685140915,0.0,0.019714322678409692
6.949921131134033,48.008216857910156,-24.887861251831055,47.87283397778756,-25.592468298997392,0.10833108425140381,14.676106452941895,15.5,0.1825803224309404,0.6891000866889954,-0.7529901715024437,-0.1261322685985018,0.8382367663958359,0.0,0.019399968619689772
7.00009560585022,48.589324951171875,-24.830175399780273,48.36911138695781,-25.6060417809222,0.05732828006148338,14.607665061950684,15.5,0.1278054336325982,0.5230541229248047,-0.7996610177871223,-0.06585676581049338,0.9059756472750897,0.0,0.01899239002363518
7.0502541065216064,49.322235107421875,-24.78296661376953,49.37896030354123,-25.619310367502855,-0.0067646619863808155,14.619172096252441,15.5,0.04740982300631333,0.3661355972290039,-0.8317241613595701,0.01778454634473725,0.8785337601915881,0.0,0.018929828556689125
7.100103139877319,49.322235107421875,-24.78296661376953,49.37896030354123,-25.619310367502855,-0.0067646619863808155,14.619172096252441,15.5,0.04740982300631333,0.3661355972290039,-0.8317241613595701,0.01778454634473725,0.8808279037475586,0.0,0.018929828556689125
7.150164604187012,49.322235107421875,-24.78296661376953,49.37896030354123,-25.619310367502855,-0.0067646619863808155,14.619172096252441,15.5,0.04740982300631333,0.3661355972290039,-0.8317241613595701,0.01778454634473725,0.8808279037475586,0.0,0.018929828556689125
7.200135946273804,49.322235107421875,-24.78296661376953,49.37896030354123,-25.619310367502855,-0.0067646619863808155,14.619172096252441,15.5,0.04740982300631333,0.3661355972290039,-0.8317241613595701,0.01778454634473725,0.8808279037475586,0.0,0.018929828556689125
7.250230550765991,49.322235107421875,-24.78296661376953,49.37896030354123,-25.619310367502855,-0.0067646619863808155,14.619172096252441,15.5,0.04740982300631333,0.3661355972290039,-0.8317241613595701,0.01778454634473725,0.8808279037475586,0.0,0.018929828556689125
7.2999107837677,52.85929870605469,-25.042526245117188,52.99696982562242,-25.5630847032167,-0.2720314562320709,14.369625091552734,15.5,-0.26338763451129854,0.3661355972290039,-0.3193938055883323,0.29481077278476153,1.0,0.0,0.001637214266627593
7.350017547607422,53.6016845703125,-25.20970344543457,53.4975001529218,-25.552137502283703,-0.31815847754478455,14.270959854125977,15.5,-0.3237493483008169,-0.7545499801635742,-0.19188525675352075,0.3419245121818175,1.0,0.0,0.0018089924568456327
7.400240898132324,54.288818359375,-25.392839431762695,54.48592677717436,-25.529131959803546,-0.35095444321632385,14.298644065856934,15.5,-0.3490658503988659,-0.9274735450744629,0.11918869294457296,0.37693016029117565,1.0,0.0,0.0021725232301443302
7.449944019317627,55.11893081665039,-25.641801834106445,54.97462255087925,-25.51699410943157,-0.36457177996635437,14.391934394836426,15.5,-0.3490658503988659,-1.0,0.25006280223910937,0.3917605436444269,1.0,0.0,0.002343067637154593
7.50021505355835,55.66845703125,-25.816646575927734,55.46017824163795,-25.504378614672646,-0.3639799952507019,14.337512016296387,15.5,-0.3490658503988659,-1.0,0.40180830121549116,0.39245074318588324,1.0,0.0,0.0025043881474943967
7.549962043762207,56.50035858154297,-26.082664489746094,56.42340591620048,-25.477566810232787,-0.3462104797363281,14.423447608947754,15.5,-0.3490658503988659,-1.0,0.7188571794936924,0.37743601513990876,1.0,0.0,0.0028062064137397047
7.600163698196411,57.01413345336914,-26.24257469177246,56.90184632219268,-25.463296419138004,-0.3267112672328949,14.505107879638672,15.5,-0.3490658503988659,-1.0,0.8691522625672063,0.3594076580347094,0.9786257300621763,0.0,0.0029468486841198872
7.649940729141235,57.86860656738281,-26.489286422729492,57.85426965272283,-25.432846562374902,-0.27321282029151917,14.540560722351074,15.5,-0.3490658503988659,-1.0,1.1571018561047586,0.3090153086475027,0.9523169609524317,0.0,0.003202238759015833
7.700174808502197,58.59147262573242,-26.670204162597656,58.328920251579454,-25.416602425291327,-0.2142767608165741,14.479954719543457,15.5,-0.3490658503988659,-1.0,1.2865909491786833,0.2516791816713706,1.0,0.0,0.0033164018912826975
7.7499613761901855,59.11615753173828,-26.78104019165039,59.27664681095777,-25.381898694753442,-0.1654355227947235,14.50944995880127,15.5,-0.3490658503988659,-1.0,1.503844436801935,0.20582383279857153,0.9846257153150008,0.0,0.0032274060280405212
7.800143480300903,59.85606384277344,-26.90166473388672,59.755953664137905,-25.363200458170937,-0.08503594994544983,14.412074089050293,15.5,-0.2942148830870144,-1.0,1.5863680463333318,0.12803866419875076,1.0,0.0,0.0035698873389354707
7.850301742553711,60.55708694458008,-26.97389793395996,60.25089484331892,-25.34319974405081,-0.0018025621538981795,14.365328788757324,15.5,-0.2235631581412615,-0.8428635597229004,1.6526047703303626,0.04853150494041536,1.0,0.0,0.0051920035286655685
7.90006160736084,61.42186737060547,-27.00233268737793,61.25163909667242,-25.29827259968935,0.10312298685312271,14.279536247253418,15.5,-0.13491573464215306,-0.640461266040802,1.6863532136731783,-0.04766571349011173,1.0,0.0,0.008261420667159689
7.950270652770996,61.99245071411133,-26.983869552612305,61.75170909701992,-25.27283758233925,0.16856291890144348,14.21729564666748,15.5,-0.07475142598133035,-0.3865050971508026,1.6706523838390397,-0.10797327743078089,1.0,0.0,0.009236263149487492
8.000020503997803,62.845458984375,-26.90154266357422,62.75169553184582,-25.21474926527615,0.25611332058906555,14.121170043945312,15.5,0.009047608960873393,-0.21414706110954285,1.5609465470961872,-0.18374026305201197,1.0,0.0,0.01125498284947102
8.050185203552246,63.42164993286133,-26.81003761291504,63.251694273929594,-25.181585763704003,0.303531289100647,14.146004676818848,15.5,0.05636383191915789,0.025919489562511444,1.4899554639563597,-0.22451348504811897,1.0,0.0,0.012255398366522395
8.09992527961731,64.09951782226562,-26.669296264648438,63.75169460154564,-25.145335898547053,0.3436468243598938,14.205005645751953,15.5,0.09603012777173411,0.16147048771381378,1.4208624983187725,-0.25748489009353515,1.0,0.0,0.013249446971765196
8.150123357772827,64.78799438476562,-26.49519157409668,64.75169453849132,-25.06255667276651,0.3613460659980774,14.234454154968262,15.5,0.1168446775592597,0.2751060426235199,1.2201861127214588,-0.25940796990345394,1.0,0.0,0.015217804457056398
8.200114011764526,65.59487915039062,-26.26528549194336,65.25169453287249,-25.01551710978658,0.35793617367744446,14.205345153808594,15.5,0.10940974780597247,0.33473533391952515,1.1635261539952788,-0.24737250809404765,1.0,0.0,0.016189297546253412
8.250147342681885,66.15666961669922,-26.09652328491211,66.25169453423946,-24.908862577756505,0.34416237473487854,14.305520057678223,15.5,0.09532100149632611,0.3134358525276184,0.9738473842598949,-0.21489279382175663,1.0,0.0,0.018099493565788285
8.300464868545532,66.83147430419922,-25.890432357788086,66.75169453292347,-24.848737406350008,0.3303268253803253,14.315731048583984,15.5,0.07705211360906185,0.27307456731796265,0.9105610587578092,-0.1909868385481106,1.0,0.0,0.019034773489489065
8.350339651107788,67.67375946044922,-25.633955001831055,67.75169452119164,-24.71361574686319,0.3094291388988495,14.391775131225586,15.5,0.047415495910404365,0.22073803842067719,0.7725609171230634,-0.14854360146065293,1.0,0.0,0.020855995023199233
8.400216817855835,67.96297454833984,-25.54674530029297,67.75169452119164,-24.71361574686319,0.30249854922294617,14.457513809204102,15.5,0.039942005821158436,0.13583539426326752,0.7813682417242593,-0.1416130117847496,1.0,0.0,0.020855995023199233
8.45009970664978,67.96297454833984,-25.54674530029297,67.75169452119164,-24.71361574686319,0.30249854922294617,14.457513809204102,15.5,0.039942005821158436,0.13583539426326752,0.7813682417242593,-0.1416130117847496,1.0,0.0,0.020855995023199233
8.499918937683105,69.76776123046875,-25.024513244628906,69.75169322668515,-24.376744328203838,0.26175445318222046,14.636443138122559,15.5,-0.03307615651743917,0.1144254207611084,0.5966678005660995,-0.05237464836778738,0.8276412624839328,0.0,0.024238995447399277
8.549915790557861,70.46380615234375,-24.835216522216797,70.25169811377883,-24.277157529217487,0.25553596019744873,14.72935676574707,15.5,-0.050167730560155444,-0.09475620836019516,0.5699665324709878,-0.03299545400373649,0.7520592877627429,0.0,0.02500487706711047
8.600163221359253,71.00341796875,-24.688453674316406,70.75168634611398,-24.170912950013303,0.2547125220298767,14.795694351196289,15.5,-0.06348492162016947,-0.14371995627880096,0.5477789862709183,-0.018153872043992436,0.6911034761315515,0.0,0.025942710390238308
8.650683164596558,71.8999252319336,-24.441078186035156,71.75087091833642,-23.937429986958097,0.2569027245044708,14.681012153625488,15.5,-0.1032689472944222,-0.18187090754508972,0.5232286558727625,0.016337015450425874,0.8416883118262453,0.0,0.0331345731721126
8.700139284133911,72.13894653320312,-24.37413215637207,72.24407389520462,-23.809684795468264,0.2583983540534973,14.653539657592773,15.5,-0.12997104189383968,-0.2958437502384186,0.5262926228275631,0.03677250729575299,0.8520152445082355,0.0,0.0388680417719803
8.750235795974731,72.13894653320312,-24.37413215637207,72.24407389520462,-23.809684795468264,0.2583983540534973,14.653539657592773,15.5,-0.12997104189383968,-0.2958437502384186,0.5262926228275631,0.03677250729575299,0.8464603424072266,0.0,0.0388680417719803
8.80010986328125,72.13894653320312,-24.37413215637207,72.24407389520462,-23.809684795468264,0.2583983540534973,14.653539657592773,15.5,-0.12997104189383968,-0.2958437502384186,0.5262926228275631,0.03677250729575299,0.8464603424072266,0.0,0.0388680417719803
8.850108861923218,72.13894653320312,-24.37413215637207,72.24407389520462,-23.809684795468264,0.2583983540534973,14.653539657592773,15.5,-0.12997104189383968,-0.2958437502384186,0.5262926228275631,0.03677250729575299,0.8464603424072266,0.0,0.0388680417719803
8.899926662445068,75.36125183105469,-23.369205474853516,74.99211588148411,-22.8653620076611,0.343679279088974,14.303641319274902,15.5,-0.23289986600434792,-0.3723396062850952,0.6352986141822857,0.10683311345340707,1.0,0.0,0.05872427792471825
8.9501314163208,75.85517120361328,-23.188199996948242,75.41878005648064,-22.67385959836279,0.3658047616481781,14.257306098937988,15.5,-0.24751599407772512,-0.6672089695930481,0.6757261258202352,0.1143345082286813,1.0,0.0,0.06137172063179156
9.00011157989502,76.5113525390625,-22.928077697753906,76.24718570586079,-22.257957396147575,0.40254607796669006,14.217713356018066,15.5,-0.28779961610638183,-0.7090811133384705,0.7697527629530834,0.13966390703482734,1.0,0.0,0.0662462453232123
9.04990816116333,77.33222961425781,-22.56231117248535,77.04195457327775,-21.796082355957232,0.4637390673160553,14.183304786682129,15.5,-0.3067679309217994,-0.824485182762146,0.8657846919788873,0.1440308948475204,1.0,0.0,0.07056561997893449
9.100176095962524,77.49713897705078,-22.482250213623047,77.04195457327775,-21.796082355957232,0.4783487617969513,14.177753448486328,15.5,-0.29186830334382985,-0.8788253664970398,0.8626657266712425,0.1294212003666244,1.0,0.0,0.07056561997893449
9.150150060653687,77.49713897705078,-22.482250213623047,77.04195457327775,-21.796082355957232,0.4783487617969513,14.177753448486328,15.5,-0.29186830334382985,-0.8788253664970398,0.8626657266712425,0.1294212003666244,1.0,0.0,0.07056561997893449
9.20018196105957,77.49713897705078,-22.482250213623047,77.04195457327775,-21.796082355957232,0.4783487617969513,14.177753448486328,15.5,-0.29186830334382985,-0.8788253664970398,0.8626657266712425,0.1294212003666244,1.0,0.0,0.07056561997893449
9.250133752822876,77.49713897705078,-22.482250213623047,77.04195457327775,-21.796082355957232,0.4783487617969513,14.177753448486328,15.5,-0.29186830334382985,-0.8788253664970398,0.8626657266712425,0.1294212003666244,1.0,0.0,0.07056561997893449
9.3001549243927,80.12883758544922,-20.748600006103516,79.23107174768914,-20.097355119730754,0.81829434633255,14.002677917480469,15.5,-0.16777562100874774,-0.8361411094665527,1.0791133062159821,-0.013104948267721905,1.0,0.0,0.06520216349647902
9.34999942779541,80.64231872558594,-20.2600040435791,79.9185760103657,-19.403599777664212,0.9058942794799805,13.94339656829834,15.5,-0.14757757322484993,-0.48064175248146057,1.0656792326327922,-0.03459387235342248,1.0,0.0,0.0673910984159839
9.40014386177063,81.116455078125,-19.740365982055664,80.23392423746311,-19.0536770959624,0.9900638461112976,13.916282653808594,15.5,-0.1031945601409011,-0.4227786064147949,1.0599619879645572,-0.08369678495855437,1.0,0.0,0.07240838668981843
9.450231552124023,81.52889251708984,-19.221548080444336,80.53077907967595,-18.700877832398316,1.062586784362793,13.894998550415039,15.5,-0.06894034196001533,-0.29563063383102417,1.0545342530336304,-0.12104915406231598,1.0,0.0,0.0758515431877653
9.500123739242554,81.7054214477539,-18.976207733154297,80.81137195896743,-18.342625354420555,1.092655062675476,13.905588150024414,15.5,-0.07064098927127903,-0.19749952852725983,1.0169663184350806,-0.11640371017904538,1.0,0.0,0.07694734718572913
9.550173282623291,81.7054214477539,-18.976207733154297,80.81137195896743,-18.342625354420555,1.092655062675476,13.905588150024414,15.5,-0.07064098927127903,-0.19749952852725983,1.0169663184350806,-0.11640371017904538,1.0,0.0,0.07694734718572913
9.60010051727295,81.7054214477539,-18.976207733154297,80.81137195896743,-18.342625354420555,1.092655062675476,13.905588150024414,15.5,-0.07064098927127903,-0.19749952852725983,1.0169663184350806,-0.11640371017904538,1.0,0.0,0.07694734718572913
9.65012502670288,81.7054214477539,-18.976207733154297,80.81137195896743,-18.342625354420555,1.092655062675476,13.905588150024414,15.5,-0.07064098927127903,-0.19749952852725983,1.0169663184350806,-0.11640371017904538,1.0,0.0,0.07694734718572913
9.699923753738403,83.15813446044922,-16.142580032348633,82.41010687413677,-15.600326634661684,1.2690812349319458,13.870271682739258,15.5,-0.09147736726945818,-0.2023715227842331,0.8310020638557792,-0.06667235753070067,1.0,0.0,0.06771305607120545
9.750086069107056,83.38301849365234,-15.5048828125,82.5880860035076,-15.177761830807858,1.2843518257141113,13.872713088989258,15.5,-0.10218814903785003,-0.2620633542537689,0.8172499903924128,-0.0525009451245233,1.0,0.0,0.06576823906265625
9.800205945968628,83.59967803955078,-14.820985794067383,82.75403154337346,-14.747861330266032,1.300634741783142,14.074594497680664,15.5,-0.1096257899047087,-0.29274749755859375,0.8026271969535866,-0.04016151197108542,1.0,0.0,0.06368140169683209
9.850149869918823,83.7840347290039,-14.175920486450195,83.05077661227787,-13.865956467653287,1.3114409446716309,14.02518081665039,15.5,-0.14705291481731741,-0.3140547573566437,0.7772738804056327,0.004081730214335,1.0,0.0,0.059326417046984624
9.900147199630737,83.86460876464844,-13.874673843383789,83.05077661227787,-13.865956467653287,1.3175463676452637,13.940141677856445,15.5,-0.1413332522766208,-0.4212755560874939,0.7762298565615953,-0.0020236927592978127,1.0,0.0,0.059326417046984624
9.950165748596191,83.86460876464844,-13.874673843383789,83.05077661227787,-13.865956467653287,1.3175463676452637,13.940141677856445,15.5,-0.1413332522766208,-0.4212755560874939,0.7762298565615953,-0.0020236927592978127,1.0,0.0,0.059326417046984624
10.00027060508728,83.86460876464844,-13.874673843383789,83.05077661227787,-13.865956467653287,1.3175463676452637,13.940141677856445,15.5,-0.1413332522766208,-0.4212755560874939,0.7762298565615953,-0.0020236927592978127,1.0,0.0,0.059326417046984624
10.050135612487793,83.86460876464844,-13.874673843383789,83.05077661227787,-13.865956467653287,1.3175463676452637,13.940141677856445,15.5,-0.1413332522766208,-0.4212755560874939,0.7762298565615953,-0.0020236927592978127,1.0,0.0,0.059326417046984624
10.100082159042358,84.52214813232422,-10.74622631072998,83.76467787281697,-10.490548894807995,1.395569086074829,13.98245620727539,15.5,-0.17537041104519066,-0.40488994121551514,0.8118034626290258,0.05736044514568839,1.0,0.0,0.031051352676900623
10.14992642402649,84.6302261352539,-10.048177719116211,83.83150814994968,-9.9905454330672,1.4175035953521729,13.972524642944336,15.5,-0.16693146610091836,-0.502399206161499,0.8159849651497496,0.049731863320876535,1.0,0.0,0.02976632236281101
10.200026512145996,84.72270202636719,-9.345367431640625,83.89071590335152,-9.490546124600511,1.4484899044036865,14.052718162536621,15.5,-0.1478345896474501,-0.47822341322898865,0.8174817571394898,0.03233778224364059,1.0,0.0,0.028424860199159813
10.250764846801758,84.8116683959961,-8.48488712310791,83.98778834567194,-8.49054602296462,1.4929397106170654,14.045548439025879,15.5,-0.1259863741051782,-0.4235149025917053,0.8213231981180115,0.012890319639059733,1.0,0.0,0.02563813836725231
10.30011534690857,84.8116683959961,-8.48488712310791,83.98778834567194,-8.49054602296462,1.4929397106170654,14.045548439025879,15.5,-0.1259863741051782,-0.4235149025917053,0.8213231981180115,0.012890319639059733,1.0,0.0,0.02563813836725231
10.350178956985474,84.8116683959961,-8.48488712310791,83.98778834567194,-8.49054602296462,1.4929397106170654,14.045548439025879,15.5,-0.1259863741051782,-0.4235149025917053,0.8213231981180115,0.012890319639059733,1.0,0.0,0.02563813836725231
10.400105953216553,84.8116683959961,-8.48488712310791,83.98778834567194,-8.49054602296462,1.4929397106170654,14.045548439025879,15.5,-0.1259863741051782,-0.4235149025917053,0.8213231981180115,0.012890319639059733,1.0,0.0,0.02563813836725231
10.450134515762329,84.8116683959961,-8.48488712310791,83.98778834567194,-8.49054602296462,1.4929397106170654,14.045548439025879,15.5,-0.1259863741051782,-0.4235149025917053,0.8213231981180115,0.012890319639059733,1.0,0.0,0.02563813836725231
10.500046253204346,84.99876403808594,-5.10684061050415,84.14345801829083,-4.990546021831821,1.6285464763641357,14.67597484588623,15.5,-0.03929528140341363,-0.3609243631362915,0.8143709267451932,-0.058778855775458716,0.6977168501694246,0.0,0.015240643705965163
10.550100803375244,85.0199966430664,-4.380370616912842,84.14740250181741,-4.490546022814378,1.6642653942108154,14.468060493469238,15.5,-0.011081065418317895,-0.11257269233465195,0.8318896022804444,-0.08839981016393317,1.0,0.0,0.013719323105243566
10.600328207015991,85.0489730834961,-3.752525806427002,84.14791685510576,-3.9905460191139652,1.709334135055542,12.360757827758789,15.5,0.0126484806019459,-0.03174491226673126,0.8587554352211715,-0.12813313047961117,1.0,0.0,0.012195508823515255
10.650091171264648,85.06551361083984,-3.1104586124420166,84.14017967769465,-2.990545983368426,1.7688490152359009,12.124439239501953,15.5,0.07295751457265083,0.036235228180885315,0.7926137406371271,-0.17926512064429279,1.0,0.0,0.009144794355075956
10.700236558914185,85.06551361083984,-3.1104586124420166,84.14017967769465,-2.990545983368426,1.7688490152359009,12.124439239501953,15.5,0.07295751457265083,0.036235228180885315,0.7926137406371271,-0.17926512064429279,1.0,0.0,0.009144794355075956
10.750223636627197,85.06551361083984,-3.1104586124420166,84.14017967769465,-2.990545983368426,1.7688490152359009,12.124439239501953,15.5,0.07295751457265083,0.036235228180885315,0.7926137406371271,-0.17926512064429279,1.0,0.0,0.009144794355075956
10.800174713134766,85.06551361083984,-3.1104586124420166,84.14017967769465,-2.990545983368426,1.7688490152359009,12.124439239501953,15.5,0.07295751457265083,0.036235228180885315,0.7926137406371271,-0.17926512064429279,1.0,0.0,0.009144794355075956
10.850101470947266,85.06551361083984,-3.1104586124420166,84.14017967769465,-2.990545983368426,1.7688490152359009,12.124439239501953,15.5,0.07295751457265083,0.036235228180885315,0.7926137406371271,-0.17926512064429279,1.0,0.0,0.009144794355075956
10.900095224380493,84.59803771972656,0.026098227128386497,84.07428219510034,0.009487489383579698,1.835578203201294,13.31524658203125,15.5,-0.032526323231284085,0.2090078890323639,0.3872226346168949,-0.011522824906905704,1.0,0.0,0.0007620900017102247
